run,case,frame,interval_ms,location,wait_us,deadline_miss_us,tick_us,draw_us,diff_us,write_us,flush_us
before-runs,160x40-braille,160,33.846,wait/deadline wake,32347,97,36,1143,293,21,6
before-runs,160x40-braille,218,56.219,config save,16006,1011,39370,533,242,62,6
before-runs,160x40-braille,5454,47.437,flush_us,7939,2391,5,235,184,17592,21480
before-runs,160x40-braille,5455,37.252,write_us,18009,1343,23,503,323,12806,5587
before-runs,160x40-braille,5473,33.543,flush_us,13373,4314,16,629,253,8256,11015
before-runs,160x40-braille,5474,43.737,write_us,22080,5415,18,500,788,18221,2129
before-runs,160x40-braille,5475,34.796,write_us,22410,5743,17,493,247,8879,2749
before-runs,160x40-braille,5476,36.089,write_us,18278,1613,14,642,245,12214,4694
before-runs,160x40-braille,5493,34.212,write_us,17016,2275,16,499,1309,8604,6767
before-runs,160x40-braille,5505,33.95,write_us,18247,1581,18,499,1013,11748,2424
before-runs,160x40-braille,5517,55.787,write_us,13663,4595,888,243,4659,18214,18118
before-runs,160x40-braille,5530,72.465,diff_us,21355,4688,21,842,32869,12121,5257
before-runs,160x40-braille,5540,45.338,wait/deadline wake,27001,11394,18,1680,1112,11843,3683
before-runs,160x40-braille,5541,55.131,wait/deadline wake,27497,10831,21,892,364,16056,10300
before-runs,160x40-braille,5549,36.709,write_us,20655,5502,13,504,600,11799,3137
before-runs,160x40-braille,5550,65.768,write_us,23772,7106,19,630,353,28842,12151
before-runs,160x40-braille,5551,49.537,write_us,20407,3744,25,683,381,23505,4532
before-runs,160x40-braille,5552,45.972,flush_us,18852,2187,20,577,327,12006,14189
before-runs,160x40-braille,5553,60.236,wait/deadline wake,26641,10071,23,520,363,22020,10572
before-runs,160x40-braille,5554,44.332,write_us,21315,4649,21,4140,324,13543,4988
before-runs,160x40-braille,5555,34.715,write_us,18191,1525,21,2378,385,11431,2308
before-runs,160x40-braille,5556,45.032,write_us,17679,1013,21,501,446,23131,3253
before-runs,160x40-braille,5581,40.957,wait/deadline wake,26827,10161,19,505,315,7005,6285
before-runs,160x40-braille,5582,38.738,flush_us,18298,1632,3396,234,200,6066,10543
before-runs,160x40-braille,5613,44.974,write_us,17567,2686,16,466,218,20921,5784
before-runs,160x40-braille,5614,48.091,wait/deadline wake,28753,12087,20,1256,278,9343,8440
before-runs,160x40-braille,5615,35.282,wait/deadline wake,27376,10709,19,2816,352,4252,467
before-runs,160x40-braille,5623,35.31,write_us,18993,4415,13,851,198,7629,7627
before-runs,160x40-braille,5624,40.436,flush_us,23168,6503,16,503,247,6937,9563
before-runs,160x40-braille,5625,66.806,wait/deadline wake,39289,22622,23,556,280,23743,2914
before-runs,160x40-braille,5648,43.479,write_us,23642,6976,15,1006,386,13532,4897
before-runs,160x40-braille,5649,35.897,write_us,22288,5621,20,517,287,8453,4332
before-runs,160x40-braille,5650,34.6,write_us,22856,6190,19,486,274,10462,502
before-runs,160x40-braille,5657,47.691,wait/deadline wake,26659,11887,22,490,14276,27,6217
before-runs,160x40-braille,5658,46.173,diff_us,23360,6695,20,483,15998,1896,4415
before-runs,160x40-braille,5678,36.916,write_us,7284,4742,11,241,239,20857,8283
before-runs,160x40-braille,5711,57.508,wait/deadline wake,33327,17762,18,500,261,19678,3724
before-runs,160x40-braille,5712,62.293,write_us,19356,2691,11,568,9064,23820,9472
before-runs,160x40-braille,5729,52.888,write_us,23061,6394,18,1450,256,28091,11
before-runs,160x40-braille,5730,58.84,write_us,19110,2444,12,235,2315,26189,10978
before-runs,160x40-braille,5745,38.748,flush_us,21614,6969,15,505,220,4017,12376
before-runs,160x40-braille,5746,36.36,write_us,20236,3570,12,259,263,12042,3547
before-runs,160x40-braille,5747,47.48,wait/deadline wake,27135,10469,18,3595,253,7766,8712
before-runs,160x40-braille,5756,39.318,flush_us,20264,6336,15,1129,231,26,17653
before-runs,160x40-braille,5757,61.507,wait/deadline wake,30749,14082,17,545,274,13023,16899
before-runs,160x40-braille,5758,39.123,flush_us,22592,5926,19,543,283,7459,8226
before-runs,160x40-braille,5769,35.336,flush_us,22511,5845,17,495,275,12,12025
before-runs,160x40-braille,5829,36.513,flush_us,13411,811,15,1105,197,0,21784
before-runs,160x40-braille,5830,90.866,wait/deadline wake,30606,13940,21,512,273,40088,19365
before-runs,160x40-braille,5850,53.137,wait/deadline wake,29906,13240,18,546,256,14394,8016
before-runs,160x40-braille,5851,50.956,write_us,23611,6944,18,632,264,22360,4071
before-runs,160x40-braille,5852,42.472,write_us,17535,869,15,499,734,12146,11542
before-runs,160x40-braille,5853,41.856,wait/deadline wake,31610,14944,17,546,280,7243,2159
before-runs,160x40-braille,5861,34.304,flush_us,9663,8991,14,2239,203,1232,20952
before-runs,160x40-braille,5862,33.82,flush_us,24578,7912,20,519,277,21,8404
before-runs,160x40-braille,5863,37.715,flush_us,20677,4010,86,643,186,24,16099
before-runs,160x40-braille,5871,39.749,flush_us,22033,6850,99,5239,208,5027,7142
before-runs,160x40-braille,5908,48.593,wait/deadline wake,31685,15019,20,508,262,32,16085
before-runs,160x40-braille,5909,42.15,flush_us,23723,7057,15,751,215,18,17427
before-runs,160x40-braille,5918,45.84,wait/deadline wake,27854,11188,17,1444,189,2320,14015
before-runs,160x40-braille,5919,35.689,wait/deadline wake,28015,11350,17,500,360,23,6771
before-runs,160x40-braille,5929,40.512,wait/deadline wake,28764,14804,14,517,204,27,10985
before-runs,160x40-braille,5930,38.24,wait/deadline wake,25500,8834,16,505,220,23,11975
before-runs,160x40-braille,5931,56.24,diff_us,22525,5859,19,2712,27296,23,3664
before-runs,160x40-braille,5932,38.164,wait/deadline wake,25898,9232,20,509,255,7054,4427
before-runs,160x40-braille,5933,37.204,wait/deadline wake,27684,11017,18,497,244,13,8748
before-runs,160x40-braille,5934,39.487,flush_us,20934,4268,17,530,610,7266,10128
before-runs,160x40-braille,5972,43.83,diff_us,22717,6793,18,969,13622,5905,598
before-runs,160x40-braille,5973,50.879,wait/deadline wake,30273,13607,18,564,298,11182,8542
before-runs,160x40-braille,5974,37.946,write_us,23373,6711,18,512,233,12649,1157
before-runs,160x40-braille,6019,61.141,wait/deadline wake,34377,19462,16,1307,223,20194,5024
before-runs,160x40-braille,6020,65.531,wait/deadline wake,32611,15945,14,514,3639,15801,12951
before-runs,160x40-braille,6043,48.226,write_us,12282,1029,11,552,205,25605,9571
before-runs,160x40-braille,6044,53.151,wait/deadline wake,28209,11543,18,519,312,19298,4793
before-runs,160x40-braille,6045,41.835,flush_us,22057,5391,22,624,4263,5222,9646
before-runs,160x40-braille,6061,41.588,write_us,23587,6920,13,426,267,14212,3083
before-runs,160x40-braille,6062,49.671,write_us,21822,5158,8,274,216,16086,11262
before-runs,160x40-braille,6071,46.052,flush_us,23759,8168,7,242,143,8,21892
before-runs,160x40-braille,6072,39.011,flush_us,23129,6462,12,259,190,5181,10240
before-runs,160x40-braille,6073,47.41,wait/deadline wake,26864,10199,17,510,257,16047,3713
before-runs,160x40-braille,6096,77.975,wait/deadline wake,27878,13326,15,753,257,33871,15200
before-runs,160x40-braille,6097,67.346,wait/deadline wake,27078,10413,18,600,278,29819,9551
before-runs,160x40-braille,6104,59.374,wait/deadline wake,33977,21772,13,907,207,17745,6523
before-runs,160x40-braille,6105,72.385,wait/deadline wake,34141,17475,16,509,277,35593,1848
before-runs,160x40-braille,6113,68.159,write_us,24283,11657,15,577,295,28839,14148
before-runs,160x40-braille,6114,60.176,wait/deadline wake,29164,12498,37,558,305,24984,5127
before-runs,160x40-braille,6119,42.055,wait/deadline wake,34385,19991,103,1409,445,4874,838
before-runs,160x40-braille,6128,63.029,wait/deadline wake,28556,14443,9,512,176,20006,13769
before-runs,160x40-braille,6129,36.304,wait/deadline wake,26872,10207,12,268,735,2748,5667
before-runs,160x40-braille,6130,47.633,wait/deadline wake,29077,12410,16,9721,461,6227,2131
before-runs,160x40-braille,6137,49.716,write_us,22336,7747,10,558,200,19407,7205
before-runs,160x40-braille,6138,70.194,wait/deadline wake,31957,15290,22,710,288,26635,10582
before-runs,160x40-braille,6139,43.824,diff_us,23038,6372,22,511,13594,4963,1695
before-runs,160x40-braille,6145,42.767,flush_us,24385,9135,16,644,348,6840,10527
before-runs,160x40-braille,6146,44.677,write_us,22926,6260,17,1076,728,15685,4244
before-runs,160x40-braille,6157,56.362,wait/deadline wake,29712,13046,14,502,247,14135,11751
before-runs,160x40-braille,6158,50.15,write_us,21787,5121,9,249,380,27226,498
before-runs,160x40-braille,6182,69.559,flush_us,23473,6806,17,561,19365,5315,20828
before-runs,160x40-braille,6229,53.34,wait/deadline wake,27364,12460,12,1065,241,15110,9547
before-runs,160x40-braille,6230,34.038,flush_us,18960,2299,19,539,2894,3802,7818
before-runs,160x40-braille,6231,47.488,write_us,18989,2326,16,527,415,18977,8560
before-runs,160x40-braille,6244,41.349,write_us,22450,5784,17,558,291,10861,7171
before-runs,160x40-braille,6245,33.946,write_us,17747,1081,20,553,251,7976,7398
before-runs,160x40-braille,6250,57.86,wait/deadline wake,28184,12996,629,496,213,24662,3675
before-runs,160x40-braille,6251,54.999,wait/deadline wake,28025,11359,18,508,302,10064,16081
before-runs,160x40-braille,6252,38.852,write_us,18955,2290,15,673,275,14169,4764
before-runs,160x40-braille,6259,51.173,wait/deadline wake,28136,14364,14,836,670,10717,10800
before-runs,160x40-braille,6260,42.343,write_us,21545,4880,18,526,266,17625,2361
before-runs,160x40-braille,6261,33.951,write_us,19009,2343,17,498,379,9030,5017
before-runs,160x40-braille,6279,82.579,wait/deadline wake,31394,14728,14,513,460,42587,7610
before-runs,160x40-braille,6280,33.899,write_us,17509,844,26,527,683,13013,2139
before-runs,160x40-braille,6285,67.043,write_us,18221,1556,443,524,398,31938,15517
before-runs,160x40-braille,6286,47.2,write_us,19825,3159,20,603,430,23284,3037
before-runs,160x40-braille,6293,59.829,write_us,23901,9160,15,2190,294,26617,6810
before-runs,160x40-braille,6612,48.457,diff_us,15668,1565,15,606,23634,3541,4992
before-runs,160x40-braille,6647,35.852,flush_us,19990,3325,18,485,6738,592,8027
before-runs,160x40-braille,6648,41.793,wait/deadline wake,30593,13927,3076,808,1084,4781,1450
before-runs,160x40-braille,6652,33.812,flush_us,13967,1720,12,2667,187,25,16953
before-runs,160x40-braille,6653,34.127,wait/deadline wake,25229,8563,18,481,773,5255,2369
before-runs,160x40-braille,10895,40.034,wait/deadline wake,28662,13460,10,5187,189,20,5966
before-runs,160x40-braille,12386,48.768,flush_us,13662,8527,7,220,155,14938,19785
before-runs,160x40-braille,12401,36.864,write_us,23516,7573,10,233,163,12937,5
before-runs,160x40-braille,12402,40.131,flush_us,21728,5062,15,954,261,6215,10956
before-runs,160x40-braille,12404,39.198,write_us,16390,9035,16,627,248,18460,3457
before-runs,160x40-braille,12436,37.144,write_us,22936,7973,65,227,182,7421,6313
before-runs,160x40-braille,12538,48.07,diff_us,17126,459,22,784,19392,2548,8197
before-runs,160x40-braille,12539,48.051,wait/deadline wake,30427,13761,24,1125,327,14678,1469
before-runs,160x40-braille,12540,35.899,write_us,20348,3682,17,807,260,11830,2636
before-runs,160x40-braille,12546,38.726,flush_us,23482,8143,15,1048,270,25,13885
before-runs,160x40-braille,12554,49.037,write_us,19181,3976,12,469,421,16809,12145
before-runs,160x40-braille,12555,39.421,flush_us,20515,3849,19,522,263,5239,12862
before-runs,160x40-braille,12559,43.662,write_us,22712,6046,18,635,257,16141,3898
before-runs,160x40-braille,12560,49.036,write_us,23122,6456,23,929,443,12381,12136
before-runs,160x40-braille,12561,50.265,write_us,17722,1056,13,235,229,29755,2310
before-runs,160x40-braille,12562,53.156,write_us,20387,3722,14,8754,226,16938,6835
before-runs,160x40-braille,12563,40.236,write_us,18647,1981,13,808,279,13214,7274
before-runs,160x40-braille,12566,55.273,wait/deadline wake,31836,18326,13,225,8705,10145,4348
before-runs,160x40-braille,12571,34.014,diff_us,13511,3408,335,469,18826,85,787
before-runs,160x40-braille,12771,38.515,write_us,18199,3871,16,3357,263,8675,8004
before-runs,160x40-braille,14360,33.824,write_us,22660,17106,7,287,220,8859,1790
before-runs,160x40-braille,14362,35.686,draw_us,17401,2789,14,16389,514,1045,323
before-runs,160x40-braille,14635,39.471,wait/deadline wake,31963,16866,11,682,1459,4691,664
before-runs,160x40-braille,14688,42.988,wait/deadline wake,32289,17452,15,878,3912,14,5880
before-runs,160x40-braille,15844,193.961,wait/deadline wake,190952,176028,14,219,181,2486,108
before-runs,160x40-braille,15853,35.45,wait/deadline wake,34691,19495,10,560,163,0,26
before-runs,160x40-braille,15922,53.131,wait/deadline wake,51833,36881,13,693,519,14,57
before-runs,160x40-braille,15929,47.487,wait/deadline wake,45386,29472,6,223,1747,6,118
before-runs,160x40-braille,15932,36.477,wait/deadline wake,33129,18480,11,1472,172,20,1673
before-runs,160x40-braille,16353,70.51,wait/deadline wake,69876,55268,7,196,180,102,148
before-runs,160x40-braille,16437,34.117,wait/deadline wake,33722,18152,6,203,106,6,73
before-runs,160x40-braille,16440,69.231,wait/deadline wake,65764,50556,14,540,508,1647,758
before-runs,160x40-braille,17895,45.645,wait/deadline wake,25261,15217,9,238,166,18557,1413
before-runs,160x40-solid,160,34.714,wait/deadline wake,32998,1022,38,751,652,268,6
before-runs,160x40-solid,218,50.518,config save,15717,951,33838,488,428,41,6
before-runs,160x40-solid,1755,34.45,wait/deadline wake,32670,16908,12,570,236,632,330
before-runs,160x40-solid,5412,33.935,write_us,15749,1168,14,439,298,9022,8413
before-runs,160x40-solid,5413,47.255,write_us,23317,6650,20,510,383,17762,5262
before-runs,160x40-solid,5447,58.215,write_us,6940,1288,7,163,341,47402,3360
before-runs,160x40-solid,5448,53.715,write_us,20459,3793,27,550,1471,28907,2300
before-runs,160x40-solid,5449,40.877,write_us,19185,2519,13,5461,443,15448,327
before-runs,160x40-solid,5459,33.743,write_us,16885,218,16,388,403,13285,2766
before-runs,160x40-solid,5460,63.39,write_us,17713,1047,20,419,491,39956,4790
before-runs,160x40-solid,5461,66.311,write_us,19380,2714,14,172,501,40015,6228
before-runs,160x40-solid,5462,47.274,write_us,20147,3485,24,411,546,26133,8
before-runs,160x40-solid,5489,51.842,wait/deadline wake,26642,9976,16,388,504,21665,2626
before-runs,160x40-solid,5490,36.136,write_us,18744,2077,20,647,465,15081,1179
before-runs,160x40-solid,5491,48.416,write_us,19558,2892,15,382,871,25201,2388
before-runs,160x40-solid,5492,42.272,write_us,21222,4556,20,534,507,17643,2345
before-runs,160x40-solid,5497,69.035,write_us,14345,1019,16,407,1111,35721,17434
before-runs,160x40-solid,5498,39.84,write_us,18016,1350,26,1851,534,17360,2052
before-runs,160x40-solid,5499,44.696,write_us,22711,6045,25,556,8944,10794,1664
before-runs,160x40-solid,5505,39.018,write_us,16929,1971,14,381,563,19426,1704
before-runs,160x40-solid,5506,79.15,write_us,18269,1603,21,508,18308,24995,17048
before-runs,160x40-solid,5507,53.996,write_us,22097,5430,26,466,8517,21219,1671
before-runs,160x40-solid,5508,37.334,write_us,17506,840,21,387,421,14517,4481
before-runs,160x40-solid,5514,91.558,wait/deadline wake,26480,9814,21,628,653,61279,2496
before-runs,160x40-solid,5515,66.163,write_us,19743,3077,26,485,851,42574,2483
before-runs,160x40-solid,5518,46.756,write_us,18276,3545,12,413,424,19159,8471
before-runs,160x40-solid,5519,113.556,write_us,21548,4882,45,1020,3403,83443,4096
before-runs,160x40-solid,5520,143.782,wait/deadline wake,26529,9863,33,1467,1312,109260,5179
before-runs,160x40-solid,5521,97.147,write_us,20943,4277,36,401,3852,71663,250
before-runs,160x40-solid,5543,54.371,diff_us,18853,4146,12,159,16116,14921,4309
before-runs,160x40-solid,5544,74.799,write_us,18742,2077,16,378,630,51663,3368
before-runs,160x40-solid,5573,50.566,write_us,20216,5283,9,163,265,24608,5304
before-runs,160x40-solid,5574,88.786,write_us,21230,4564,11,158,2745,64487,153
before-runs,160x40-solid,5575,37.302,write_us,20415,3748,24,380,779,15250,453
before-runs,160x40-solid,5576,33.47,write_us,17576,911,11,156,419,12699,2607
before-runs,160x40-solid,5579,54.825,write_us,23518,8160,19,384,397,26555,3951
before-runs,160x40-solid,5580,100.984,write_us,22345,5679,19,637,501,75144,2336
before-runs,160x40-solid,5581,40.775,write_us,20522,3856,34,592,683,18921,22
before-runs,160x40-solid,5600,34.917,write_us,14490,3120,16,378,353,16859,2820
before-runs,160x40-solid,5601,56.247,wait/deadline wake,29078,12413,25,403,553,24944,1242
before-runs,160x40-solid,5604,36.513,write_us,19148,3384,12,491,346,14723,1792
before-runs,160x40-solid,5610,51.442,write_us,17290,2557,17,437,13241,20445,11
before-runs,160x40-solid,5611,78.196,write_us,21680,5015,24,376,14559,38839,2716
before-runs,160x40-solid,5619,82.155,write_us,17142,1637,16,377,491,50506,13622
before-runs,160x40-solid,5636,122.672,write_us,40469,9144,21,396,35495,42259,4031
before-runs,160x40-solid,5637,77.056,write_us,35810,2477,23,455,916,37567,2283
before-runs,160x40-solid,5643,109.754,write_us,20249,3357,11,158,459,74027,14849
before-runs,160x40-solid,5652,69.392,write_us,26789,7135,17,316,443,31946,9880
before-runs,160x40-solid,5664,77.774,write_us,40858,9045,16,399,465,30730,5305
before-runs,160x40-solid,5665,72.501,write_us,34345,1012,20,400,599,33811,3326
before-runs,160x40-solid,5695,136.146,write_us,35498,13558,18,469,6464,91533,2163
before-runs,160x40-solid,5705,86.927,write_us,34695,1362,34,402,448,43986,7361
before-runs,160x40-solid,5706,87.823,write_us,35244,1912,33,647,1424,48198,2275
before-runs,160x40-solid,5710,71.648,write_us,43630,11559,17,385,301,26443,870
before-runs,160x40-solid,5711,75.528,write_us,41726,8394,23,388,1281,32091,17
before-runs,160x40-solid,5734,96.975,write_us,40328,9188,15,411,364,38327,17530
before-runs,160x40-solid,5739,87.184,write_us,39004,7137,15,382,300,42201,5281
before-runs,160x40-solid,5746,78.953,write_us,37091,3758,21,1232,905,33353,6351
before-runs,160x40-solid,5747,95.059,write_us,37491,4159,19,374,440,47150,9584
before-runs,160x40-solid,5748,69.766,write_us,33682,349,23,380,450,32809,2421
before-runs,160x40-solid,5766,83.972,write_us,41080,9700,889,174,309,31894,9625
before-runs,160x40-solid,5790,116.21,wait/deadline wake,51571,20175,20,414,400,47607,16198
before-runs,160x40-solid,5801,115.106,wait/deadline wake,52973,24430,20,382,435,50252,11043
before-runs,160x40-solid,5811,76.098,write_us,41209,7876,24,381,525,33917,40
before-runs,160x40-solid,5815,93.02,write_us,25672,9879,14,382,428,60622,5900
before-runs,160x40-solid,5828,151.74,wait/deadline wake,50038,19743,18,427,1019,90859,9378
before-runs,160x40-solid,5832,130.652,write_us,38815,11898,16,520,495,88929,1877
before-runs,160x40-solid,5836,120.931,write_us,36171,6888,14,376,431,78568,5370
before-runs,160x40-solid,5845,100.675,write_us,49349,19974,17,352,736,44681,5539
before-runs,160x40-solid,5850,95.292,write_us,35917,5216,14,503,381,47443,11034
before-runs,160x40-solid,5851,79.008,write_us,40034,6702,25,381,612,36407,1547
before-runs,160x40-solid,5854,101.118,write_us,36735,10050,18,652,833,58674,4205
before-runs,160x40-solid,5855,73.472,write_us,40228,6895,26,432,675,30687,1423
before-runs,160x40-solid,5858,68.426,write_us,18314,3299,14,378,436,40411,8872
before-runs,160x40-solid,5859,73.733,write_us,37239,3906,27,622,670,34580,594
before-runs,160x40-solid,5870,72.37,write_us,30202,9496,17,383,795,35600,5371
before-runs,160x40-solid,5871,75.036,write_us,35314,1981,25,384,15827,23340,145
before-runs,160x40-solid,5894,78.425,write_us,41427,12318,21,386,488,33600,2501
before-runs,160x40-solid,5895,67.173,write_us,45553,12221,23,483,657,19828,628
before-runs,160x40-solid,5901,88.693,write_us,39690,6357,19,381,590,45371,2641
before-runs,160x40-solid,5903,108.704,write_us,41338,13076,14,374,421,63299,3258
before-runs,160x40-solid,5904,68.34,write_us,35117,1784,21,650,682,31561,308
before-runs,160x40-solid,5907,85.042,write_us,44887,15582,15,420,541,36422,2756
before-runs,160x40-solid,5908,84.524,write_us,39348,6016,24,479,561,41606,2505
before-runs,160x40-solid,5909,67.677,write_us,34040,707,20,447,721,23966,8483
before-runs,160x40-solid,5916,70.361,write_us,625,96,11,163,350,65933,3277
before-runs,160x40-solid,5919,75.001,write_us,27461,946,11,387,487,40333,6321
before-runs,160x40-solid,5920,109.589,write_us,48639,15307,25,379,824,59712,9
before-runs,160x40-solid,5923,79.061,write_us,20608,1011,11,166,673,56956,646
before-runs,160x40-solid,5924,77.227,write_us,37109,3776,27,482,848,35916,2844
before-runs,160x40-solid,5938,85.172,write_us,34198,866,23,473,722,46177,3578
before-runs,160x40-solid,5939,73.095,write_us,35172,1840,20,405,751,36024,721
before-runs,160x40-solid,6086,79.876,write_us,35211,9713,19,384,488,39934,3839
before-runs,160x40-solid,6094,72.245,write_us,43377,10044,891,404,669,22502,4401
before-runs,160x40-solid,6410,41.792,write_us,17675,1010,13,410,679,20930,2083
before-runs,160x40-solid,6411,40.455,write_us,16820,154,17,389,600,20352,2276
before-runs,160x40-solid,6748,33.624,write_us,14520,156,11,391,537,17729,435
before-runs,160x40-solid,9164,34.359,wait/deadline wake,31644,16708,20,481,436,1770,7
before-runs,160x40-solid,10039,40.112,write_us,21064,7848,14,661,599,16660,1112
before-runs,160x40-solid,10045,36.816,write_us,15647,2839,12,384,361,18267,2143
before-runs,160x40-solid,10046,65.363,write_us,20637,3971,15,397,644,43091,578
before-runs,160x40-solid,10047,34.51,write_us,17813,1147,22,582,500,14892,699
before-runs,160x40-solid,10063,38.817,diff_us,12171,2816,15,380,18437,6415,1397
before-runs,160x40-solid,10138,41.537,flush_us,12622,1859,13,413,243,27,28218
before-runs,160x40-solid,10139,46.207,write_us,19649,2982,51,1028,827,24591,61
before-runs,160x40-solid,10302,39.65,write_us,17702,1036,11,379,720,20249,588
before-runs,160x40-solid,10308,40.369,write_us,16794,127,12,403,541,20478,2141
before-runs,160x40-solid,10309,46.57,write_us,17677,1011,16,390,916,25299,2271
before-runs,160x40-solid,10772,42.016,flush_us,10069,3727,11,425,678,14346,16487
before-runs,160x40-solid,10773,36.474,write_us,16967,301,20,383,596,18494,13
before-runs,160x40-solid,11348,33.487,write_us,13629,9388,10,170,620,15322,3736
before-runs,160x40-solid,11380,37.014,write_us,13941,1848,11,477,504,21577,503
before-runs,160x40-solid,11425,37.751,write_us,17155,489,17,393,565,17316,2304
before-runs,160x40-solid,11430,46.489,write_us,19915,3248,121,401,545,23234,2273
before-runs,160x40-solid,11431,34.329,write_us,18672,2006,16,517,535,13433,1156
before-runs,160x40-solid,11447,35.34,write_us,17621,955,31,177,404,13781,3325
before-runs,160x40-solid,11448,37.957,write_us,17800,1134,17,385,434,17129,2190
before-runs,160x40-solid,11449,47.192,write_us,18311,1645,14,733,500,24598,3035
before-runs,160x40-solid,11450,48.153,write_us,17808,1142,18,437,597,27120,2172
before-runs,160x40-solid,11451,33.43,write_us,17995,1329,17,416,808,11921,2272
before-runs,160x40-solid,11461,36.04,write_us,17209,2573,17,1029,473,14410,2902
before-runs,160x40-solid,11462,38.093,write_us,18647,1981,16,405,812,15930,2282
before-runs,160x40-solid,11463,43.656,write_us,18993,2327,11,161,445,21422,2623
before-runs,160x40-solid,11464,41.488,write_us,17837,1171,18,445,541,20352,2294
before-runs,160x40-solid,11465,41.203,write_us,17437,771,19,395,538,20540,2273
before-runs,160x40-solid,11505,44.671,wait/deadline wake,25862,9196,19,705,470,14321,3293
before-runs,160x40-solid,11506,37.299,write_us,19303,2637,16,404,411,14886,2278
before-runs,160x40-solid,11507,39.996,write_us,17576,910,16,392,426,18629,2956
before-runs,160x40-solid,11508,43.052,write_us,19066,2400,13,180,696,20337,2760
before-runs,160x40-solid,11509,50.537,write_us,19171,2505,16,414,448,25223,5264
before-runs,160x40-solid,11540,39.611,write_us,17834,1167,18,388,520,18669,2181
before-runs,160x40-solid,11541,34.578,write_us,17500,846,15,435,417,13743,2455
before-runs,160x40-solid,11542,34.374,write_us,17510,843,18,460,451,13652,2282
before-runs,160x40-solid,11546,42.194,write_us,17458,793,16,377,416,22760,1165
before-runs,160x40-solid,11547,39.465,write_us,19097,2431,9,161,590,18431,1175
before-runs,160x40-solid,11548,35.341,write_us,18623,1956,8,185,418,13830,2276
before-runs,160x40-solid,11549,34.891,write_us,17677,1010,16,440,475,14132,2151
before-runs,160x40-solid,11567,34.094,write_us,20001,5064,15,400,385,11342,1951
before-runs,160x40-solid,11569,49.138,write_us,9739,786,10,384,1596,22636,14773
before-runs,160x40-solid,11585,47.326,write_us,21781,7953,15,404,482,16260,8383
before-runs,160x40-solid,11586,61.974,write_us,19208,2541,17,389,2363,32331,7666
before-runs,160x40-solid,11587,35.819,wait/deadline wake,25521,8854,12,172,436,9510,168
before-runs,160x40-solid,11595,40.024,write_us,19080,2414,10,168,468,16726,3571
before-runs,160x40-solid,11596,53.931,write_us,20715,4048,13,244,485,28728,3746
before-runs,160x40-solid,11597,49.697,write_us,22231,5565,17,414,557,22219,4258
before-runs,160x40-solid,11598,57.918,write_us,20922,4256,15,461,399,32600,3520
before-runs,160x40-solid,11599,39.711,write_us,23693,7027,21,380,539,14987,90
before-runs,160x40-solid,11600,33.691,write_us,17938,1272,15,379,418,12660,2280
before-runs,160x40-solid,11606,33.866,write_us,24162,10782,10,165,305,8406,813
before-runs,160x40-solid,11608,47.08,write_us,22738,7929,16,403,342,20920,2660
before-runs,160x40-solid,11632,59.421,wait/deadline wake,27792,11126,8,358,688,27234,3340
before-runs,160x40-solid,11633,49.943,write_us,20501,3835,9,160,369,26029,2873
before-runs,160x40-solid,11658,42.624,write_us,21281,4614,18,542,339,20422,22
before-runs,160x40-solid,11659,35.593,write_us,22878,6212,10,159,334,7096,5115
before-runs,160x40-solid,11660,35.534,write_us,23057,6390,123,437,355,10083,1478
before-runs,160x40-solid,11661,39.397,wait/deadline wake,28054,11388,18,377,448,6426,4073
before-runs,160x40-solid,11662,40.381,write_us,19654,2987,17,414,789,13851,5656
before-runs,160x40-solid,11677,40.609,diff_us,15616,2044,12,162,14948,5869,4001
before-runs,160x40-solid,11678,64.779,write_us,18189,1523,10,244,11241,31069,4025
before-runs,160x40-solid,11679,49.57,write_us,18820,2154,22,398,479,26579,3271
before-runs,160x40-solid,11680,40.324,write_us,18871,2204,15,376,556,17014,3491
before-runs,160x40-solid,11681,44.26,write_us,17965,1299,18,570,528,23234,1943
before-runs,160x40-solid,11687,39.495,diff_us,13839,4829,16,408,12728,10693,1811
before-runs,160x40-solid,11688,48.174,write_us,20260,3593,39,334,11147,14742,1651
before-runs,160x40-solid,11689,61.192,wait/deadline wake,27382,10716,19,407,466,32904,13
before-runs,160x40-solid,11690,61.225,write_us,21324,4657,20,662,533,38279,407
before-runs,160x40-solid,11691,38.445,write_us,18817,2154,20,378,7733,8444,3048
before-runs,160x40-solid,11693,49.27,write_us,18159,9311,13,613,352,23987,6146
before-runs,160x40-solid,11700,51.127,write_us,15910,1237,13,464,312,33650,778
before-runs,160x40-solid,11701,50.139,write_us,20426,3760,19,396,688,26338,2272
before-runs,160x40-solid,11702,61.614,write_us,18336,1670,18,407,459,39128,3265
before-runs,160x40-solid,11703,77.91,write_us,22132,5466,22,1185,467,44739,9364
before-runs,160x40-solid,11704,75.75,write_us,19262,2596,25,436,2733,49152,4141
before-runs,160x40-solid,11705,57.937,write_us,18572,1906,13,161,402,32337,6451
before-runs,160x40-solid,11706,52.912,write_us,17772,1107,19,1160,450,32392,1117
before-runs,160x40-solid,11707,78.366,wait/deadline wake,33533,16867,11,163,14492,27823,2343
before-runs,160x40-solid,11708,42.851,wait/deadline wake,27387,10721,19,409,1013,10590,3432
before-runs,160x40-solid,11709,42.864,write_us,18169,1504,84,965,1685,19818,2142
before-runs,160x40-solid,11781,43.352,write_us,19147,2482,17,611,804,20488,2284
before-runs,160x40-solid,11844,33.672,write_us,17724,1058,19,386,386,12675,2481
before-runs,160x40-solid,11845,34.938,write_us,17550,884,20,382,642,14538,1805
before-runs,160x40-solid,11846,34.0,write_us,17738,1072,20,405,451,13634,1750
before-runs,160x40-solid,11901,43.644,write_us,17588,4447,10,1082,418,21953,2592
before-runs,160x40-solid,11902,36.639,write_us,17758,1092,41,580,520,15210,2529
before-runs,160x40-solid,11903,36.934,write_us,18696,2030,20,484,444,15013,2276
before-runs,160x40-solid,12283,43.395,write_us,17085,419,16,379,669,23003,2242
before-runs,160x40-solid,13480,42.868,write_us,21739,5073,13,475,374,18277,1988
before-runs,160x40-solid,13481,52.385,wait/deadline wake,30508,13842,9,158,404,20999,306
before-runs,160x40-solid,13482,38.711,wait/deadline wake,33375,16709,8,158,2165,2569,434
before-runs,160x40-solid,13523,35.393,write_us,16174,6657,14,639,411,17023,1131
before-runs,160x40-solid,13558,40.181,write_us,19698,3033,8,180,892,12702,6699
before-runs,160x40-solid,13559,45.862,write_us,17684,1018,10,186,403,25609,1969
before-runs,160x40-solid,13573,34.479,write_us,11723,4649,14,424,379,17565,4373
before-runs,160x40-solid,13586,39.946,write_us,18782,2115,14,394,519,17878,2359
before-runs,160x40-solid,13587,38.389,write_us,18025,1359,12,383,390,16906,2672
before-runs,160x40-solid,13709,33.695,write_us,15591,3106,11,444,321,10681,6646
before-runs,160x40-solid,13743,39.673,write_us,17327,1554,11,184,382,19965,1803
before-runs,160x40-solid,13796,38.428,wait/deadline wake,33523,18134,11,941,1727,1113,1113
before-runs,160x40-solid,14953,184.38,wait/deadline wake,182202,166847,29,380,571,1192,6
before-runs,160x40-solid,14962,35.94,wait/deadline wake,33626,18846,12,834,344,1118,5
before-runs,160x40-solid,15031,56.414,wait/deadline wake,50804,35210,15,675,1354,1931,1635
before-runs,160x40-solid,15038,36.699,wait/deadline wake,34637,25130,7,159,1728,63,104
before-runs,160x40-solid,15041,36.663,wait/deadline wake,32307,17620,15,468,241,3459,173
before-runs,160x40-solid,15463,71.957,wait/deadline wake,70326,55536,13,370,447,715,85
before-runs,160x40-solid,15547,34.215,wait/deadline wake,33093,17504,6,151,236,432,297
before-runs,160x40-solid,15550,68.668,wait/deadline wake,64119,49787,15,402,3921,202,8
before-runs,160x40-solid,16787,37.479,write_us,18498,1832,16,415,423,14559,3566
before-runs,160x40-solid,16788,37.172,write_us,21307,4640,19,374,372,9742,5358
before-runs,160x40-solid,16801,47.182,write_us,17762,1096,16,386,409,25391,3217
before-runs,160x40-solid,16802,40.226,write_us,18012,1345,13,1694,515,18843,1149
before-runs,160x40-solid,16803,36.578,write_us,17756,1090,21,424,449,14915,3011
before-runs,160x40-solid,16804,35.93,write_us,16863,196,16,382,631,15918,2120
before-runs,160x40-solid,16805,59.071,write_us,19098,2431,11,169,878,29762,9152
before-runs,160x40-solid,16806,56.123,write_us,22801,6134,28,416,618,31461,799
before-runs,160x40-solid,16875,35.112,write_us,16394,654,14,765,340,13890,3708
before-runs,160x40-solid,16881,45.881,write_us,19368,2703,13,168,390,21777,4163
before-runs,160x40-solid,16892,37.744,write_us,21021,6054,17,425,4727,9310,2243
before-runs,160x40-solid,16893,41.094,write_us,17675,1010,19,515,474,19112,3297
before-runs,160x40-solid,16894,33.847,write_us,17678,1011,20,755,398,12715,2281
before-runs,160x40-solid,16935,34.221,write_us,13300,7558,18,414,332,16256,3899
before-runs,160x40-solid,16970,52.042,write_us,14092,1219,14,386,322,35780,1448
before-runs,160x40-solid,16977,36.715,write_us,17723,1056,19,328,422,14876,3347
before-runs,160x40-solid,16978,45.491,write_us,17170,503,13,184,391,18666,9066
before-runs,160x40-solid,16979,51.306,write_us,20969,4308,23,656,442,19628,9582
before-runs,160x40-solid,16980,42.897,write_us,17677,1011,14,342,473,22345,2045
before-runs,160x40-solid,16999,40.833,write_us,18612,1945,12,164,351,18638,3056
before-runs,200x60-braille,160,34.51,wait/deadline wake,33265,1010,10,814,381,33,7
before-runs,200x60-braille,218,59.067,config save,15564,1017,42073,975,402,46,7
before-runs,200x60-braille,1754,37.774,flush_us,15944,1008,12,3596,353,217,17651
before-runs,200x60-braille,1757,35.094,write_us,17916,2962,15,2158,317,14426,261
before-runs,200x60-braille,4249,36.273,write_us,15040,1018,28,5968,1656,11624,1956
before-runs,200x60-braille,5414,38.075,write_us,22723,6057,129,954,333,8396,5539
before-runs,200x60-braille,5439,38.225,wait/deadline wake,35350,21584,17,848,394,1592,23
before-runs,200x60-braille,5447,88.978,flush_us,5867,660,6,371,344,3238,79151
before-runs,200x60-braille,5448,53.651,write_us,16848,183,212,2446,849,30946,2348
before-runs,200x60-braille,5462,35.542,write_us,13150,5379,12,911,324,16061,5079
before-runs,200x60-braille,5463,43.401,write_us,19937,3273,13,3012,357,17641,2438
before-runs,200x60-braille,5464,41.978,wait/deadline wake,25922,9256,15,857,368,11581,3234
before-runs,200x60-braille,5465,93.43,wait/deadline wake,61366,44700,21,3981,531,25209,2321
before-runs,200x60-braille,5490,37.428,write_us,19985,16038,134,1616,430,11821,3441
before-runs,200x60-braille,5491,37.798,write_us,23886,7220,16,821,1059,10624,1392
before-runs,200x60-braille,5503,62.272,wait/deadline wake,26926,10261,17,1086,374,30799,3068
before-runs,200x60-braille,5512,33.419,write_us,24679,10695,11,869,380,6156,1324
before-runs,200x60-braille,5513,108.845,diff_us,18258,1592,15,1348,88228,271,724
before-runs,200x60-braille,5514,36.92,write_us,17393,726,22,985,1758,15167,1594
before-runs,200x60-braille,5521,54.267,write_us,18852,2186,16,811,1936,25722,6929
before-runs,200x60-braille,5522,41.645,write_us,23026,6359,16,913,451,14032,3207
before-runs,200x60-braille,5530,58.645,write_us,24871,8204,16,1560,392,23399,8406
before-runs,200x60-braille,5531,41.26,write_us,19281,2614,17,1316,443,16420,3783
before-runs,200x60-braille,5532,40.185,write_us,21641,4975,16,920,433,15123,2051
before-runs,200x60-braille,5533,65.834,wait/deadline wake,28741,12075,12,925,630,27183,8342
before-runs,200x60-braille,5534,35.645,write_us,17676,1011,11,428,1092,14360,2076
before-runs,200x60-braille,5535,35.333,write_us,18315,1649,13,836,769,13094,2305
before-runs,200x60-braille,5555,37.977,write_us,24041,7375,12,1268,325,10190,2140
before-runs,200x60-braille,5559,33.79,flush_us,20029,5245,15,813,5505,846,6581
before-runs,200x60-braille,5560,42.186,write_us,21405,4739,15,1626,327,16799,2013
before-runs,200x60-braille,5593,53.312,wait/deadline wake,27381,13112,15,742,325,11427,13421
before-runs,200x60-braille,5594,72.845,write_us,23819,7153,19,1247,471,43428,3860
before-runs,200x60-braille,5603,41.305,write_us,20316,6847,13,825,656,12628,6866
before-runs,200x60-braille,5604,48.698,write_us,19880,3214,15,1789,493,20347,6173
before-runs,200x60-braille,5605,55.425,wait/deadline wake,26097,9431,14,1262,424,24671,2955
before-runs,200x60-braille,5627,43.817,write_us,23080,14887,13,377,408,14907,5030
before-runs,200x60-braille,5628,40.056,write_us,18768,2102,15,830,404,15623,4414
before-runs,200x60-braille,5629,35.971,wait/deadline wake,26211,9545,17,1086,539,3752,4365
before-runs,200x60-braille,5636,68.073,diff_us,22608,7737,17,865,35717,8000,863
before-runs,200x60-braille,5637,53.384,write_us,19539,2873,18,1249,411,29873,2292
before-runs,200x60-braille,5654,35.316,flush_us,5764,4070,9,1374,318,8787,19064
before-runs,200x60-braille,5655,61.03,diff_us,18794,2128,17,810,16283,15443,9681
before-runs,200x60-braille,5686,67.009,diff_us,22767,11154,17,877,28708,8609,6029
before-runs,200x60-braille,5687,60.298,write_us,22221,5555,20,833,435,35631,1157
before-runs,200x60-braille,5704,76.676,wait/deadline wake,31299,14633,11,1608,438,34084,9235
before-runs,200x60-braille,5720,37.948,flush_us,19080,4730,13,833,315,5249,12457
before-runs,200x60-braille,5721,34.837,write_us,19885,3220,15,1041,370,11054,2470
before-runs,200x60-braille,5722,46.468,wait/deadline wake,25523,8857,11,945,3729,6813,9446
before-runs,200x60-braille,5731,37.693,flush_us,20415,7242,11,850,284,22,16110
before-runs,200x60-braille,5732,61.624,wait/deadline wake,31080,14413,15,974,337,12514,16704
before-runs,200x60-braille,5733,40.022,write_us,22511,5844,13,843,365,15659,630
before-runs,200x60-braille,5743,45.659,wait/deadline wake,27452,10787,15,1117,364,6758,9952
before-runs,200x60-braille,5775,46.738,wait/deadline wake,44858,30412,15,1231,348,190,96
before-runs,200x60-braille,5782,57.587,wait/deadline wake,37692,21026,186,5754,387,5172,8394
before-runs,200x60-braille,5798,65.571,flush_us,9995,109,14,878,300,23742,30641
before-runs,200x60-braille,5799,80.836,wait/deadline wake,38555,21889,21,824,412,36536,4487
before-runs,200x60-braille,5813,36.554,write_us,12637,865,9,5845,281,9850,7930
before-runs,200x60-braille,5814,36.892,write_us,18236,1570,14,868,317,13970,3486
before-runs,200x60-braille,5815,53.143,write_us,21101,4435,14,830,370,16866,13961
before-runs,200x60-braille,5816,50.889,write_us,19215,2552,16,1575,389,19021,10669
before-runs,200x60-braille,5817,52.375,wait/deadline wake,27680,11014,12,388,362,18855,5077
before-runs,200x60-braille,5818,51.934,wait/deadline wake,31667,15002,12,2230,362,15625,2036
before-runs,200x60-braille,5825,43.864,write_us,17660,3287,8,878,313,13489,11515
before-runs,200x60-braille,5826,55.632,flush_us,23981,7315,12,932,346,8148,22212
before-runs,200x60-braille,5827,53.099,write_us,20958,4291,15,979,419,28654,2073
before-runs,200x60-braille,5850,34.837,write_us,18461,1794,15,825,391,11947,3197
before-runs,200x60-braille,5866,37.711,flush_us,19704,5216,14,995,2725,34,14238
before-runs,200x60-braille,5867,72.695,wait/deadline wake,29487,12821,15,1211,417,32771,8792
before-runs,200x60-braille,5878,54.577,write_us,19981,3315,14,816,340,25103,8321
before-runs,200x60-braille,5888,55.11,wait/deadline wake,26417,12918,8,911,536,12727,14511
before-runs,200x60-braille,5891,54.205,diff_us,6340,5448,14,1029,35053,19,11748
before-runs,200x60-braille,5892,51.803,write_us,22737,6071,19,2280,464,17486,8815
before-runs,200x60-braille,5893,47.556,write_us,20663,3997,12,1076,383,21710,3712
before-runs,200x60-braille,5894,39.074,write_us,19603,2936,15,830,398,15288,2939
before-runs,200x60-braille,5922,35.353,wait/deadline wake,32421,18020,13,2547,338,27,7
before-runs,200x60-braille,5928,83.193,wait/deadline wake,33434,20175,15,8836,285,31586,9037
before-runs,200x60-braille,5929,47.986,write_us,23944,7278,19,970,452,21343,1257
before-runs,200x60-braille,5944,40.238,write_us,15717,1917,7,446,2630,19214,2223
before-runs,200x60-braille,5971,69.657,wait/deadline wake,33749,19110,15,841,901,25339,8811
before-runs,200x60-braille,5972,60.413,wait/deadline wake,26548,9882,16,1740,335,30955,818
before-runs,200x60-braille,5989,51.832,write_us,15665,3666,10,1181,305,27764,6906
before-runs,200x60-braille,5993,51.082,wait/deadline wake,31556,21533,14,859,999,11565,6089
before-runs,200x60-braille,5994,63.326,write_us,22068,5402,12,397,350,31058,9440
before-runs,200x60-braille,6011,41.993,write_us,22914,6248,27,1079,334,8992,8646
before-runs,200x60-braille,6012,50.488,write_us,21951,5285,13,418,332,16332,11441
before-runs,200x60-braille,6021,56.968,write_us,21870,8023,6,383,234,21372,13102
before-runs,200x60-braille,6022,73.274,write_us,19911,3245,17,862,425,37420,14638
before-runs,200x60-braille,6045,77.959,wait/deadline wake,28643,14315,14,2148,327,31554,15272
before-runs,200x60-braille,6046,69.072,wait/deadline wake,26693,10026,20,818,422,38769,2350
before-runs,200x60-braille,6053,70.643,wait/deadline wake,35173,22150,14,1323,307,15987,17838
before-runs,200x60-braille,6054,63.871,write_us,23567,6901,19,880,727,38537,140
before-runs,200x60-braille,6058,35.784,wait/deadline wake,34480,20520,14,914,338,31,6
before-runs,200x60-braille,6060,71.071,write_us,20375,11890,14,1150,336,31460,17735
before-runs,200x60-braille,6061,61.036,wait/deadline wake,28395,11731,19,956,395,26017,5250
before-runs,200x60-braille,6066,38.041,flush_us,15007,1010,8,391,186,2275,20174
before-runs,200x60-braille,6075,52.077,flush_us,16585,3114,12,820,283,14670,19706
before-runs,200x60-braille,6076,44.467,write_us,17726,1060,18,1115,484,18510,6613
before-runs,200x60-braille,6077,41.537,write_us,19138,2472,10,647,283,18366,3092
before-runs,200x60-braille,6084,67.611,wait/deadline wake,30269,15616,15,1366,347,24276,11337
before-runs,200x60-braille,6085,74.076,wait/deadline wake,26584,9918,16,1805,379,41817,3474
before-runs,200x60-braille,6086,38.571,diff_us,19828,3162,22,894,14406,3065,355
before-runs,200x60-braille,6091,49.857,write_us,23469,13134,15,1271,346,14009,10746
before-runs,200x60-braille,6092,52.061,write_us,24208,7541,15,1307,390,20607,5534
before-runs,200x60-braille,6093,45.38,write_us,20878,4212,14,1799,381,17687,4620
before-runs,200x60-braille,6101,58.572,wait/deadline wake,28041,11376,12,1049,343,13229,15896
before-runs,200x60-braille,6102,46.225,write_us,21091,4425,17,827,629,23330,330
before-runs,200x60-braille,6126,77.933,diff_us,23558,6892,18,5846,36929,7024,4557
before-runs,200x60-braille,6142,48.772,draw_us,13668,1233,12,34355,708,16,12
before-runs,200x60-braille,6156,34.282,write_us,20910,9792,9,1524,786,10092,960
before-runs,200x60-braille,6168,45.772,write_us,21043,4377,15,938,378,16666,6730
before-runs,200x60-braille,6169,53.328,write_us,19919,3253,15,851,454,18560,13528
before-runs,200x60-braille,6181,63.923,wait/deadline wake,27975,11308,17,819,484,28136,6492
before-runs,200x60-braille,6182,53.531,write_us,23365,6699,15,835,462,23919,4933
before-runs,200x60-braille,6186,81.246,wait/deadline wake,29561,15198,12,2055,570,29127,19920
before-runs,200x60-braille,6187,74.053,write_us,19021,2356,17,836,505,48874,4799
before-runs,200x60-braille,6193,34.377,flush_us,14896,1329,12,850,403,1383,16831
before-runs,200x60-braille,6194,44.612,wait/deadline wake,31370,14704,13,377,791,10275,1785
before-runs,200x60-braille,6195,37.207,wait/deadline wake,26664,9997,14,1194,655,5719,2961
before-runs,200x60-braille,6196,48.003,write_us,22327,5661,118,823,390,18452,5892
before-runs,200x60-braille,6210,54.081,flush_us,21385,4718,15,9075,404,10410,12792
before-runs,200x60-braille,6211,71.898,wait/deadline wake,42229,25563,18,891,428,27304,1027
before-runs,200x60-braille,6217,35.51,flush_us,16612,6452,11,800,328,8746,9012
before-runs,200x60-braille,6218,82.023,write_us,23576,6910,16,1465,526,49516,6923
before-runs,200x60-braille,6219,34.844,write_us,19751,3085,17,798,475,13017,785
before-runs,200x60-braille,6225,37.948,flush_us,17822,3254,9,1158,573,29,18357
before-runs,200x60-braille,6264,36.065,write_us,18770,2104,14,1085,375,12029,3790
before-runs,200x60-braille,6329,41.473,write_us,13349,3497,12,911,479,22000,4721
before-runs,200x60-braille,6330,35.594,write_us,18385,1719,14,912,524,14710,1048
before-runs,200x60-braille,6516,34.513,write_us,19558,4165,12,2901,1399,9633,1009
before-runs,200x60-braille,6550,33.453,write_us,16212,3123,587,2051,1731,10501,2369
before-runs,200x60-braille,6574,34.778,diff_us,18326,1662,18,892,10462,4052,1025
before-runs,200x60-braille,6575,36.226,write_us,22930,6265,12,3045,381,7850,2006
before-runs,200x60-braille,6579,38.648,wait/deadline wake,30329,16622,14,1606,254,5272,1172
before-runs,200x60-braille,9840,33.403,wait/deadline wake,30911,16535,10,943,876,576,86
before-runs,200x60-braille,10707,35.441,write_us,17919,1253,16,910,636,12476,3483
before-runs,200x60-braille,10708,48.561,write_us,20118,3452,25,1098,545,23084,3690
before-runs,200x60-braille,10711,36.835,write_us,18508,6784,11,357,1066,15651,1241
before-runs,200x60-braille,10717,41.677,write_us,20614,7253,16,1059,432,16333,3222
before-runs,200x60-braille,10718,59.696,write_us,22142,5476,16,856,566,32105,4010
before-runs,200x60-braille,10730,34.24,write_us,17584,918,17,1224,463,13558,1393
before-runs,200x60-braille,10793,35.104,write_us,17929,1263,16,830,445,13504,2378
before-runs,200x60-braille,10794,35.636,write_us,17163,497,12,933,454,14588,2485
before-runs,200x60-braille,10795,38.273,write_us,18558,1893,17,850,494,16631,1721
before-runs,200x60-braille,10803,53.814,wait/deadline wake,31854,19420,18,6311,668,14225,737
before-runs,200x60-braille,10804,43.239,write_us,20615,3949,20,853,668,19280,1801
before-runs,200x60-braille,10805,40.884,write_us,21689,5023,19,847,490,17290,548
before-runs,200x60-braille,10806,37.78,flush_us,19034,2368,15,983,486,8517,8744
before-runs,200x60-braille,10815,37.698,write_us,17579,912,20,1358,528,15925,2288
before-runs,200x60-braille,10816,34.657,write_us,17676,1010,18,873,474,13344,2271
before-runs,200x60-braille,10929,37.369,write_us,17764,1099,15,841,595,15877,2275
before-runs,200x60-braille,12124,36.89,write_us,18384,1718,18,860,442,14302,2883
before-runs,200x60-braille,12125,37.76,write_us,18716,2050,13,779,478,17146,627
before-runs,200x60-braille,12126,33.795,write_us,18387,1721,16,871,982,12981,558
before-runs,200x60-braille,12142,35.969,write_us,18128,1463,18,3014,410,12331,2066
before-runs,200x60-braille,12143,34.11,write_us,17689,1023,16,1695,529,11911,2268
before-runs,200x60-braille,12186,34.864,write_us,19143,2477,16,2491,578,9350,3284
before-runs,200x60-braille,12187,45.235,write_us,16770,103,9,557,472,24760,2666
before-runs,200x60-braille,12188,41.006,write_us,17544,877,22,907,512,18187,3833
before-runs,200x60-braille,12189,34.143,write_us,17676,1010,18,876,422,11631,3519
before-runs,200x60-braille,12190,35.42,write_us,20516,3849,8,1137,456,11240,2063
before-runs,200x60-braille,12197,37.703,write_us,19527,2861,19,660,413,13690,3393
before-runs,200x60-braille,12216,52.424,write_us,18046,1379,16,840,506,24719,8297
before-runs,200x60-braille,12217,38.044,write_us,18070,1403,18,996,514,16173,2273
before-runs,200x60-braille,12218,35.489,write_us,17769,1102,13,530,473,14431,2273
before-runs,200x60-braille,12253,68.54,wait/deadline wake,28037,13715,11,382,312,36126,3672
before-runs,200x60-braille,12254,36.22,write_us,17506,841,20,829,527,15193,2144
before-runs,200x60-braille,12266,40.677,write_us,15887,1280,16,1626,360,13554,9233
before-runs,200x60-braille,12267,65.809,write_us,24762,8096,18,868,1293,38844,23
before-runs,200x60-braille,12268,44.805,write_us,22090,5424,21,893,375,21267,158
before-runs,200x60-braille,12276,34.37,write_us,18499,2012,17,834,409,10268,4163
before-runs,200x60-braille,12277,40.812,write_us,21693,5026,20,1355,424,15006,2314
before-runs,200x60-braille,12278,48.738,write_us,18892,2226,14,417,4172,23219,2023
before-runs,200x60-braille,12279,55.757,write_us,19303,2638,21,1198,720,24365,10148
before-runs,200x60-braille,12280,50.157,write_us,19001,2334,20,866,432,23416,6422
before-runs,200x60-braille,12291,41.955,write_us,20489,8133,8,431,396,16398,4231
before-runs,200x60-braille,12315,49.3,write_us,15173,4192,19,2498,416,21812,9382
before-runs,200x60-braille,12316,49.434,write_us,16970,304,18,832,503,27830,3280
before-runs,200x60-braille,12317,50.056,write_us,20354,3688,11,2178,518,24006,2988
before-runs,200x60-braille,12341,43.001,write_us,18473,1808,18,1628,350,19401,3129
before-runs,200x60-braille,12346,37.484,write_us,18881,2214,15,881,414,13966,3326
before-runs,200x60-braille,12347,39.166,write_us,18367,1702,10,392,399,16439,3557
before-runs,200x60-braille,12363,64.496,write_us,20134,3468,16,2004,375,39075,2891
before-runs,200x60-braille,12364,51.454,write_us,21274,4608,23,572,5721,20638,3226
before-runs,200x60-braille,12365,42.518,write_us,17708,1042,14,868,426,19788,3713
before-runs,200x60-braille,12366,51.444,write_us,21013,4347,14,916,481,26474,2545
before-runs,200x60-braille,12372,50.009,diff_us,14465,4856,5,378,25351,7353,2457
before-runs,200x60-braille,12373,52.898,write_us,18692,2026,12,440,15339,16515,1899
before-runs,200x60-braille,12374,46.632,wait/deadline wake,29010,12348,19,1808,540,15076,174
before-runs,200x60-braille,12375,58.525,write_us,20547,3881,11,394,616,24237,12719
before-runs,200x60-braille,12379,51.909,write_us,14507,11286,14,973,1589,29425,5401
before-runs,200x60-braille,12386,48.298,write_us,17354,4015,14,853,346,19307,10423
before-runs,200x60-braille,12387,48.026,write_us,20903,4238,14,3098,1063,20041,2905
before-runs,200x60-braille,12388,55.55,write_us,18552,1886,20,1132,457,25327,10061
before-runs,200x60-braille,12389,63.382,write_us,21846,5181,20,887,613,28650,11364
before-runs,200x60-braille,12390,55.164,write_us,23621,6955,18,890,1023,23022,6589
before-runs,200x60-braille,12391,59.504,wait/deadline wake,27970,11304,18,2506,2845,19969,6195
before-runs,200x60-braille,12392,50.173,write_us,20599,3933,11,1085,2272,22384,3820
before-runs,200x60-braille,12393,44.95,write_us,19577,2910,19,1300,770,22611,674
before-runs,200x60-braille,12394,74.305,wait/deadline wake,32967,16300,13,12149,3286,23295,2595
before-runs,200x60-braille,12395,46.967,wait/deadline wake,26876,10210,22,1037,561,15333,3137
before-runs,200x60-braille,12396,46.053,write_us,20973,4307,124,3823,962,17396,2774
before-runs,200x60-braille,12595,36.771,write_us,23393,10002,15,888,1002,9017,2455
before-runs,200x60-braille,14181,58.926,wait/deadline wake,28649,11984,15,743,663,27783,1071
before-runs,200x60-braille,14182,44.497,diff_us,18351,1685,899,1237,15680,8132,197
before-runs,200x60-braille,14255,49.321,write_us,21517,4853,12,844,452,23520,2973
before-runs,200x60-braille,14256,52.818,write_us,18691,2025,15,891,518,28722,3980
before-runs,200x60-braille,14257,34.847,write_us,18159,1493,11,385,467,13241,2583
before-runs,200x60-braille,14282,36.331,write_us,15303,5416,16,2482,5406,9843,3280
before-runs,200x60-braille,14283,36.663,write_us,18587,1919,9,371,388,14346,2963
before-runs,200x60-braille,14284,35.087,write_us,17967,1301,16,1113,416,12920,2653
before-runs,200x60-braille,14405,39.572,write_us,20905,4239,11,848,405,16808,594
before-runs,200x60-braille,14432,35.257,write_us,18950,2283,16,673,383,14949,286
before-runs,200x60-braille,14490,44.434,wait/deadline wake,31968,17018,9,2008,7498,2939,11
before-runs,200x60-braille,15646,192.515,wait/deadline wake,188733,174602,18,369,591,2713,90
before-runs,200x60-braille,15655,36.122,wait/deadline wake,33681,18628,15,1000,489,929,7
before-runs,200x60-braille,15724,55.268,wait/deadline wake,47547,35034,16,986,6628,84,6
before-runs,200x60-braille,15730,56.328,draw_us,19115,4415,15,35202,354,1419,222
before-runs,200x60-braille,15733,35.943,wait/deadline wake,31656,18329,13,1300,412,2455,106
before-runs,200x60-braille,16154,70.402,wait/deadline wake,69163,54975,18,646,373,154,47
before-runs,200x60-braille,16238,34.716,wait/deadline wake,32780,17134,12,597,308,986,30
before-runs,200x60-braille,16241,68.655,wait/deadline wake,64008,49722,61,787,3749,40,9
before-runs,200x60-braille,17579,33.553,write_us,18160,3269,6,415,340,12614,2012
before-runs,200x60-braille,17580,40.884,write_us,17692,1025,14,904,481,20657,1136
before-runs,200x60-braille,17581,38.22,write_us,17977,1311,104,806,523,15322,3487
before-runs,200x60-braille,17582,50.874,write_us,17285,619,13,985,1080,28934,2576
before-runs,200x60-braille,17583,37.509,write_us,17556,893,15,1022,546,17992,374
before-runs,200x60-braille,17593,38.107,write_us,20350,6011,11,640,5292,9485,2328
before-runs,200x60-braille,17594,37.911,write_us,17101,435,7,395,829,16499,3078
before-runs,200x60-braille,17595,38.217,write_us,17267,601,8,452,506,17713,2270
before-runs,200x60-braille,17596,36.486,write_us,17727,1060,13,898,518,15050,2280
before-runs,200x60-braille,17621,40.558,write_us,17681,1015,11,396,552,19574,2343
before-runs,200x60-braille,17622,35.485,write_us,18071,1405,15,1445,377,12905,2671
before-runs,200x60-braille,17632,36.768,write_us,18606,1939,14,1189,474,15817,668
before-runs,200x60-braille,17654,33.887,write_us,16858,3350,13,1140,405,10947,4523
before-runs,200x60-braille,17667,42.744,write_us,22343,9313,5,384,303,19566,142
before-runs,200x60-braille,17672,39.241,write_us,17467,802,13,1161,637,16651,3309
before-runs,200x60-braille,17673,41.103,write_us,19531,2865,15,814,451,17292,2998
before-runs,200x60-braille,17674,47.694,write_us,17993,1327,14,1032,677,25125,2852
before-runs,200x60-braille,17675,50.859,write_us,18156,1489,12,986,463,26911,4331
before-runs,200x60-braille,17676,37.372,write_us,18137,1471,15,1624,454,13956,3186
before-runs,200x60-solid,160,34.908,wait/deadline wake,33273,1009,18,688,822,99,7
before-runs,200x60-solid,218,52.248,config save,14548,234,36192,818,609,75,6
before-runs,200x60-solid,944,35.379,wait/deadline wake,28343,14765,17,1881,995,3775,368
before-runs,200x60-solid,4252,34.035,write_us,19102,5143,12,6408,839,7669,4
before-runs,200x60-solid,5416,37.412,write_us,14791,1010,8,258,444,17413,4497
before-runs,200x60-solid,5417,48.077,write_us,21762,5096,15,751,806,24568,174
before-runs,200x60-solid,5424,48.754,write_us,18709,2042,10,1597,574,26380,1484
before-runs,200x60-solid,5437,35.659,wait/deadline wake,33328,17918,10,1515,459,138,208
before-runs,200x60-solid,5445,61.177,wait/deadline wake,25605,8938,376,3431,933,28263,2568
before-runs,200x60-solid,5446,48.174,write_us,18912,2246,17,672,1549,24333,2690
before-runs,200x60-solid,5447,37.561,write_us,22300,5634,57,894,1240,13053,17
before-runs,200x60-solid,5452,36.348,write_us,19805,3139,11,673,590,13389,1879
before-runs,200x60-solid,5456,37.485,write_us,16894,229,21,1055,679,16333,2501
before-runs,200x60-solid,5457,84.55,write_us,22705,6039,17,780,3390,53895,3762
before-runs,200x60-solid,5458,136.649,write_us,23265,6599,31,714,4208,105169,3261
before-runs,200x60-solid,5459,70.967,write_us,18059,1393,966,804,1025,46530,3582
before-runs,200x60-solid,5460,39.983,write_us,18866,2200,15,654,1038,18851,558
before-runs,200x60-solid,5461,39.119,write_us,17776,1110,17,708,598,19345,673
before-runs,200x60-solid,5474,72.768,write_us,21651,4985,15,703,729,41634,8035
before-runs,200x60-solid,5475,55.951,write_us,19356,2690,20,879,729,33500,1466
before-runs,200x60-solid,5476,47.212,write_us,19608,2942,13,787,629,23385,2789
before-runs,200x60-solid,5477,45.064,write_us,19685,3019,17,682,645,21817,2217
before-runs,200x60-solid,5478,37.426,write_us,17727,1062,8,268,556,16532,2333
before-runs,200x60-solid,5481,65.624,write_us,14240,4587,11,671,526,43739,6436
before-runs,200x60-solid,5482,50.038,write_us,18177,1511,17,700,2155,25255,3732
before-runs,200x60-solid,5483,47.606,write_us,19656,2990,13,680,644,22364,4247
before-runs,200x60-solid,5488,35.665,write_us,24756,11445,14,655,543,9599,97
before-runs,200x60-solid,5489,107.583,wait/deadline wake,25461,8794,15,1544,77677,2137,748
before-runs,200x60-solid,5490,61.631,write_us,17409,743,24,680,2052,37314,4151
before-runs,200x60-solid,5494,67.193,write_us,20610,6237,3108,689,486,33601,8698
before-runs,200x60-solid,5495,80.413,write_us,21575,4909,19,2937,702,53131,2048
before-runs,200x60-solid,5496,61.943,write_us,18135,1469,19,1569,852,36690,4677
before-runs,200x60-solid,5499,40.842,write_us,22299,7608,13,801,629,16134,966
before-runs,200x60-solid,5500,97.09,wait/deadline wake,25883,9217,15,731,728,64540,5191
before-runs,200x60-solid,5501,135.861,write_us,21427,4761,22,1056,1030,107497,4828
before-runs,200x60-solid,5502,81.027,write_us,17856,1191,27,953,1037,58649,2503
before-runs,200x60-solid,5503,54.071,write_us,21953,5287,17,857,855,30384,4
before-runs,200x60-solid,5527,46.832,write_us,18604,1938,17,653,596,23566,3396
before-runs,200x60-solid,5528,48.506,write_us,22620,5954,13,654,920,22734,1564
before-runs,200x60-solid,5555,85.011,write_us,23294,9484,10,274,541,44798,16094
before-runs,200x60-solid,5556,51.532,write_us,22466,5800,21,679,959,27347,59
before-runs,200x60-solid,5557,34.668,write_us,19658,2992,14,825,963,12252,955
before-runs,200x60-solid,5562,73.046,write_us,20478,6724,13,658,669,44855,6373
before-runs,200x60-solid,5563,111.897,write_us,24797,8131,20,1856,1898,82751,574
before-runs,200x60-solid,5564,37.132,write_us,20475,3809,24,732,1141,13283,1476
before-runs,200x60-solid,5584,55.988,write_us,18702,2036,17,4034,964,27925,4345
before-runs,200x60-solid,5585,58.787,wait/deadline wake,26527,9861,17,718,1192,26632,3700
before-runs,200x60-solid,5590,64.459,write_us,20108,5331,16,656,11538,22578,9562
before-runs,200x60-solid,5591,80.144,write_us,20594,3929,19,722,7926,49899,982
before-runs,200x60-solid,5599,104.077,write_us,39053,5721,24,898,29305,34630,165
before-runs,200x60-solid,5614,150.262,write_us,48073,17743,19,870,24720,72453,4125
before-runs,200x60-solid,5615,83.828,write_us,34344,1011,26,660,1084,43947,3766
before-runs,200x60-solid,5620,86.49,write_us,17166,5832,10,2059,749,57326,9180
before-runs,200x60-solid,5629,83.775,write_us,28920,410,14,675,4475,42011,7680
before-runs,200x60-solid,5630,83.823,write_us,43408,10075,23,654,831,38798,109
before-runs,200x60-solid,5635,75.271,write_us,37723,10119,14,918,560,35582,473
before-runs,200x60-solid,5636,71.959,write_us,38197,4864,22,738,5597,25803,1602
before-runs,200x60-solid,5639,72.916,write_us,38646,7617,16,714,548,29006,3985
before-runs,200x60-solid,5640,79.223,write_us,34379,1046,15,680,757,42617,774
before-runs,200x60-solid,5641,78.181,write_us,38327,4994,20,588,1768,37466,11
before-runs,200x60-solid,5668,138.512,write_us,31739,21501,16,1189,527,102642,2399
before-runs,200x60-solid,5676,71.52,write_us,24133,3901,16,651,3110,35187,8423
before-runs,200x60-solid,5677,124.908,write_us,38048,4715,19,659,2154,80499,3528
before-runs,200x60-solid,5678,100.805,wait/deadline wake,56466,23134,55,848,1055,39789,2591
before-runs,200x60-solid,5681,120.199,write_us,42696,11741,13,1114,517,63438,12420
before-runs,200x60-solid,5686,68.206,write_us,37403,7482,15,763,696,24285,5043
before-runs,200x60-solid,5692,74.922,write_us,35360,4849,13,663,1131,34834,2920
before-runs,200x60-solid,5693,69.187,write_us,34358,1025,20,698,813,33054,243
before-runs,200x60-solid,5696,75.353,write_us,35530,5593,13,1614,638,35281,2276
before-runs,200x60-solid,5697,69.467,write_us,34081,749,22,750,832,31409,2372
before-runs,200x60-solid,5698,158.12,write_us,34886,1554,24,675,790,113567,8177
before-runs,200x60-solid,5702,119.588,write_us,38067,7192,15,652,2115,78720,19
before-runs,200x60-solid,5708,159.218,write_us,43352,10019,14,286,32250,77812,5504
before-runs,200x60-solid,5709,96.683,write_us,35439,2107,28,661,1039,56066,3448
before-runs,200x60-solid,5726,122.914,write_us,41185,10556,16,4399,11325,59352,6636
before-runs,200x60-solid,5750,132.214,write_us,49044,18453,17,655,535,77357,4604
before-runs,200x60-solid,5760,102.982,write_us,24588,1043,13,652,564,68452,8712
before-runs,200x60-solid,5761,69.878,write_us,42878,9546,26,1554,836,24511,72
before-runs,200x60-solid,5769,80.878,write_us,38068,4736,10,820,800,41093,85
before-runs,200x60-solid,5773,95.952,write_us,24242,9558,11,452,473,66924,3849
before-runs,200x60-solid,5786,152.083,write_us,48530,16602,12,696,689,99883,2272
before-runs,200x60-solid,5790,130.65,write_us,38973,9633,12,721,571,88083,2290
before-runs,200x60-solid,5794,125.211,write_us,42013,12716,14,821,518,77008,4836
before-runs,200x60-solid,5797,68.11,wait/deadline wake,51921,21361,44,938,694,14080,433
before-runs,200x60-solid,5801,109.97,write_us,31215,2028,12,7265,2355,68202,919
before-runs,200x60-solid,5802,70.135,write_us,43784,10451,23,1428,703,23043,1153
before-runs,200x60-solid,5805,129.464,write_us,44749,14700,15,775,555,66610,16758
before-runs,200x60-solid,5810,89.454,write_us,31620,7698,11,10824,520,40833,5645
before-runs,200x60-solid,5811,70.089,write_us,38832,5499,20,670,749,27069,2748
before-runs,200x60-solid,5814,68.516,write_us,13502,3737,12,697,628,49352,4325
before-runs,200x60-solid,5815,71.053,write_us,37751,4418,21,6768,1014,24913,586
before-runs,200x60-solid,5826,113.419,write_us,28763,14980,16,1173,685,79790,2991
before-runs,200x60-solid,5850,117.74,write_us,34215,7346,14,690,948,70945,10927
before-runs,200x60-solid,5855,138.939,write_us,35485,2153,17,848,865,91082,10640
before-runs,200x60-solid,5858,157.467,write_us,47535,17295,15,1340,866,106269,1440
before-runs,200x60-solid,5861,131.267,write_us,44384,18413,12,748,1054,82650,2418
before-runs,200x60-solid,5862,96.58,write_us,37948,4615,23,724,1392,54235,2258
before-runs,200x60-solid,5866,189.106,write_us,36155,2822,14,1096,1114,144458,6268
before-runs,200x60-solid,5869,112.692,write_us,12130,4146,14,669,874,90943,8060
before-runs,200x60-solid,5874,71.444,write_us,41531,10930,17,719,844,28210,123
before-runs,200x60-solid,5875,77.853,write_us,36215,2882,17,650,7750,32942,278
before-runs,200x60-solid,5878,70.583,write_us,26471,1432,13,703,764,36141,6491
before-runs,200x60-solid,5879,98.019,write_us,36951,3619,21,390,1474,59036,146
before-runs,200x60-solid,5887,113.993,write_us,34496,1163,15,822,1080,75000,2580
before-runs,200x60-solid,5918,68.102,write_us,32743,2373,10,885,1819,26525,6120
before-runs,200x60-solid,5919,66.821,write_us,35740,2408,19,656,1480,27832,1092
before-runs,200x60-solid,6025,67.777,write_us,34292,5795,18,665,11275,21324,203
before-runs,200x60-solid,6026,75.793,write_us,35709,2376,18,663,866,34217,4319
before-runs,200x60-solid,6032,77.624,write_us,19505,1117,6903,664,1646,32679,16226
before-runs,200x60-solid,6039,84.803,diff_us,28201,4568,18,693,30190,24336,1364
before-runs,200x60-solid,6040,67.81,write_us,36210,2877,21,1419,786,29004,369
before-runs,200x60-solid,6041,87.912,write_us,37781,4448,15,862,829,37570,10854
before-runs,200x60-solid,6042,70.084,write_us,34295,962,13,1073,921,33352,429
before-runs,200x60-solid,6043,72.473,write_us,37363,4030,23,722,836,32145,1383
before-runs,200x60-solid,6044,68.243,write_us,35261,1929,19,782,1320,29036,1824
before-runs,200x60-solid,6294,70.689,write_us,34342,1009,19,656,1129,34404,138
before-runs,200x60-solid,6299,73.523,write_us,34301,968,21,794,1168,37136,102
before-runs,200x60-solid,6327,69.796,write_us,33774,441,23,680,1110,34201,7
before-runs,200x60-solid,6352,80.162,write_us,34348,1015,20,1007,1254,41256,2276
before-runs,200x60-solid,6353,95.971,write_us,34343,1010,25,664,1332,57330,2276
before-runs,200x60-solid,6422,78.788,write_us,34173,840,23,661,1075,40573,2282
before-runs,200x60-solid,6423,96.629,write_us,34342,1010,21,851,1377,57762,2274
before-runs,200x60-solid,6424,68.45,write_us,34342,1009,21,700,1455,31926,5
before-runs,200x60-solid,7750,41.311,write_us,17156,490,15,691,776,20389,2283
before-runs,200x60-solid,9493,33.538,write_us,14091,3638,14,948,2114,15729,641
before-runs,200x60-solid,9494,58.443,write_us,17395,732,12,833,1215,38374,610
before-runs,200x60-solid,9495,49.258,write_us,19992,3327,19,647,1215,27027,357
before-runs,200x60-solid,9496,40.026,write_us,19533,2867,15,944,1574,17062,897
before-runs,200x60-solid,9506,56.225,write_us,17768,1102,18,704,1041,36203,490
before-runs,200x60-solid,9507,91.089,write_us,22326,5660,20,700,1470,65304,1268
before-runs,200x60-solid,9508,68.822,write_us,18016,1350,25,664,1446,47744,926
before-runs,200x60-solid,9509,61.85,write_us,18080,1414,22,954,1378,38770,2645
before-runs,200x60-solid,9510,90.043,write_us,18125,1459,23,659,1861,64029,5345
before-runs,200x60-solid,9511,47.206,write_us,20917,4251,28,837,1410,23247,766
before-runs,200x60-solid,9512,38.001,write_us,17644,978,21,747,1121,17433,1034
before-runs,200x60-solid,9513,46.313,write_us,18741,2075,14,1035,1169,23622,1731
before-runs,200x60-solid,9517,37.423,write_us,8327,1773,15,896,922,25701,1561
before-runs,200x60-solid,9518,75.608,write_us,20912,4246,19,727,1766,51644,539
before-runs,200x60-solid,9519,70.386,write_us,19972,3306,117,843,8260,39696,1497
before-runs,200x60-solid,9520,60.713,write_us,17834,1168,22,1191,1397,37462,2806
before-runs,200x60-solid,9521,58.929,write_us,18149,1483,18,780,1533,35606,2842
before-runs,200x60-solid,9522,48.838,write_us,18223,1557,21,1011,1195,27476,912
before-runs,200x60-solid,9523,68.345,write_us,19788,3121,20,656,1399,45140,1341
before-runs,200x60-solid,9524,52.963,write_us,19991,3325,25,735,2262,28968,981
before-runs,200x60-solid,9525,44.804,write_us,17399,733,19,762,1582,24663,378
before-runs,200x60-solid,9526,36.229,write_us,17678,1012,18,657,1277,16179,419
before-runs,200x60-solid,9534,43.892,write_us,19014,2348,14,666,972,22572,653
before-runs,200x60-solid,9535,47.558,write_us,17685,1019,19,794,1077,27198,784
before-runs,200x60-solid,9536,41.65,write_us,17767,1101,20,685,1085,21058,1034
before-runs,200x60-solid,9537,45.48,write_us,17136,470,14,850,1104,25480,895
before-runs,200x60-solid,9538,50.855,write_us,18249,1583,16,651,1040,28932,1966
before-runs,200x60-solid,9539,35.549,write_us,17441,776,20,701,1088,15727,570
before-runs,200x60-solid,9540,42.667,write_us,18900,2234,20,824,944,20597,1380
before-runs,200x60-solid,9541,38.839,write_us,19489,2822,20,662,1170,16792,706
before-runs,200x60-solid,9542,45.241,write_us,17924,1259,27,954,955,23668,1710
before-runs,200x60-solid,9543,56.883,write_us,17158,491,189,667,1094,35302,2472
before-runs,200x60-solid,9544,76.121,write_us,17358,693,21,666,1313,53792,2969
before-runs,200x60-solid,9545,52.15,write_us,18142,1476,24,1582,1294,30423,684
before-runs,200x60-solid,9546,50.961,write_us,18197,1530,20,658,1295,29333,1458
before-runs,200x60-solid,9547,55.764,write_us,18495,1828,19,656,1087,32937,2569
before-runs,200x60-solid,9548,108.703,write_us,18017,1351,22,722,1176,87556,1209
before-runs,200x60-solid,9549,84.882,write_us,20214,3548,44,1257,2018,60977,371
before-runs,200x60-solid,9550,37.315,write_us,17616,950,23,761,1250,15918,1746
before-runs,200x60-solid,9551,33.355,write_us,17928,1262,20,743,964,10883,2816
before-runs,200x60-solid,9552,47.979,write_us,17723,1057,19,717,1655,26865,998
before-runs,200x60-solid,9553,67.62,write_us,22030,5364,23,981,1078,40808,2700
before-runs,200x60-solid,9554,50.814,write_us,17235,568,20,674,1130,31747,7
before-runs,200x60-solid,9575,34.579,write_us,15571,1147,10,531,710,15478,2277
before-runs,200x60-solid,9576,54.87,write_us,16918,251,16,683,918,34059,2276
before-runs,200x60-solid,9577,65.415,write_us,17676,1009,21,659,1099,43663,2297
before-runs,200x60-solid,9578,46.395,write_us,17604,938,22,362,1015,27383,8
before-runs,200x60-solid,9599,44.398,write_us,17304,638,67,737,1216,23816,1256
before-runs,200x60-solid,9600,47.576,write_us,17525,859,16,670,968,26111,2285
before-runs,200x60-solid,9601,41.14,write_us,17408,741,19,447,964,20929,1373
before-runs,200x60-solid,9602,36.447,write_us,16699,33,11,263,968,17352,1153
before-runs,200x60-solid,9603,40.827,write_us,17423,757,15,679,896,19535,2278
before-runs,200x60-solid,9604,55.345,write_us,17576,910,15,725,948,33860,2219
before-runs,200x60-solid,9605,36.24,write_us,17712,1046,20,658,1149,16549,151
before-runs,200x60-solid,9617,50.663,write_us,16854,188,18,654,857,29992,2287
before-runs,200x60-solid,9618,57.214,write_us,17463,797,20,775,1020,35677,2258
before-runs,200x60-solid,9623,46.287,write_us,16985,318,18,671,873,25454,2285
before-runs,200x60-solid,9624,48.954,write_us,17682,1016,18,680,973,29590,9
before-runs,200x60-solid,9628,75.212,write_us,34329,997,17,694,1008,36883,2280
before-runs,200x60-solid,9629,87.26,write_us,33858,525,24,706,1417,51235,19
before-runs,200x60-solid,9732,67.716,write_us,31298,899,17,839,886,32013,2662
before-runs,200x60-solid,9736,69.568,write_us,30720,114,15,675,933,36069,1155
before-runs,200x60-solid,9741,82.264,write_us,33855,522,20,762,1375,44113,2138
before-runs,200x60-solid,9742,78.849,write_us,33577,245,25,669,1368,41112,2096
before-runs,200x60-solid,9776,82.509,write_us,32516,1009,15,713,1136,45786,2342
before-runs,200x60-solid,9792,71.404,write_us,31434,1021,9,316,759,36654,2231
before-runs,200x60-solid,9851,70.587,write_us,33830,497,21,739,1229,32497,2270
before-runs,200x60-solid,9866,69.619,write_us,33651,318,20,657,1039,34237,14
before-runs,200x60-solid,9901,96.543,write_us,33497,167,23,755,1970,59104,1190
before-runs,200x60-solid,9902,78.702,write_us,33675,342,26,678,1762,41377,1184
before-runs,200x60-solid,9903,111.506,write_us,34346,1013,26,716,1711,72425,2282
before-runs,200x60-solid,9907,74.58,write_us,31429,1010,19,709,1176,41241,5
before-runs,200x60-solid,10104,82.72,write_us,33754,422,22,684,1013,45007,2239
before-runs,200x60-solid,10105,93.342,write_us,34650,1318,21,647,1347,55563,1113
before-runs,200x60-solid,10106,71.159,write_us,33570,237,27,667,1309,34358,1227
before-runs,200x60-solid,10107,67.961,write_us,34890,1557,13,266,1149,30780,862
before-runs,200x60-solid,10115,73.365,write_us,33900,567,32,830,1155,36256,1191
before-runs,200x60-solid,10132,68.535,write_us,36553,3221,21,423,1233,28549,1754
before-runs,200x60-solid,10133,87.543,write_us,34812,1478,22,1055,1140,46782,3732
before-runs,200x60-solid,10188,87.061,write_us,34342,1009,12,279,1001,49650,1776
before-runs,200x60-solid,10194,67.963,write_us,32796,1832,16,752,924,30695,2779
before-runs,200x60-solid,10195,88.457,write_us,34546,1214,24,669,1045,49958,2213
before-runs,200x60-solid,10215,70.875,write_us,32544,1362,18,366,979,35594,1373
before-runs,200x60-solid,10216,102.977,write_us,36087,2755,31,1161,1093,60315,4288
before-runs,200x60-solid,10217,116.717,write_us,36104,2772,30,799,1550,77315,918
before-runs,200x60-solid,10220,67.997,write_us,26628,2943,13,726,720,37406,2502
before-runs,200x60-solid,10221,71.778,write_us,34085,752,25,691,1343,34242,1391
before-runs,200x60-solid,10222,90.063,write_us,34344,1011,27,689,1311,51220,2472
before-runs,200x60-solid,10223,91.573,write_us,34543,1210,27,687,1336,53679,1300
before-runs,200x60-solid,10224,123.938,write_us,34291,959,25,669,1242,85489,2221
before-runs,200x60-solid,10225,102.032,write_us,34849,1516,16,287,1279,63219,2381
before-runs,200x60-solid,10226,105.389,write_us,33777,444,28,1657,1321,66746,1859
before-runs,200x60-solid,10227,88.723,write_us,36656,3322,31,1041,1391,47321,2282
before-runs,200x60-solid,10228,73.891,write_us,34342,1010,25,2420,1577,33238,2287
before-runs,200x60-solid,10229,109.115,write_us,36709,3376,14,281,1091,67430,3589
before-runs,200x60-solid,10236,79.187,write_us,33536,8066,7,262,776,44530,76
before-runs,200x60-solid,10243,123.52,write_us,35708,5046,22,1097,694,80660,5339
before-runs,200x60-solid,10250,130.237,write_us,37257,3924,25,745,884,85893,5432
before-runs,200x60-solid,10257,69.485,write_us,29955,5428,8,292,765,38314,150
before-runs,200x60-solid,10269,118.703,write_us,37415,4083,23,666,988,77179,2430
before-runs,200x60-solid,10281,82.022,write_us,26128,1686,16,657,704,44689,9828
before-runs,200x60-solid,10282,102.054,write_us,36899,3566,23,719,1264,62381,767
before-runs,200x60-solid,10283,72.389,write_us,34719,1387,29,922,1568,34505,644
before-runs,200x60-solid,10286,68.825,write_us,31736,1197,13,675,1021,32547,2833
before-runs,200x60-solid,10287,66.863,write_us,34346,1013,19,939,1128,29944,486
before-runs,200x60-solid,10288,131.718,write_us,36366,3032,23,930,8854,81526,4019
before-runs,200x60-solid,10289,118.691,write_us,38218,4885,29,729,1609,78094,11
before-runs,200x60-solid,10290,86.753,write_us,37353,4020,70,1129,1220,46866,114
before-runs,200x60-solid,10291,139.335,write_us,37539,4206,31,746,15299,79897,5822
before-runs,200x60-solid,10292,105.845,write_us,37947,4614,31,1417,2799,63643,7
before-runs,200x60-solid,10293,87.164,write_us,43692,10359,29,770,1123,41493,56
before-runs,200x60-solid,10294,72.82,write_us,34698,1366,239,1514,1018,35089,261
before-runs,200x60-solid,10295,134.649,write_us,33632,300,22,669,1109,94241,4974
before-runs,200x60-solid,10296,191.371,write_us,42441,9108,50,675,2549,144106,1549
before-runs,200x60-solid,10297,184.87,write_us,43927,10594,39,780,13206,123871,3046
before-runs,200x60-solid,10298,104.02,write_us,44652,11319,50,1429,1978,53768,2142
before-runs,200x60-solid,10864,71.974,write_us,32228,1010,15,683,965,35804,2278
before-runs,200x60-solid,10868,67.943,write_us,32364,1694,13,663,864,31958,2080
before-runs,200x60-solid,10922,84.035,write_us,34110,777,16,668,1685,45336,2219
before-runs,200x60-solid,10923,92.607,write_us,33609,282,14,779,1516,54399,2283
before-runs,200x60-solid,11222,33.798,write_us,15414,2580,140,714,690,16272,568
before-runs,200x60-solid,11233,35.638,write_us,17786,1120,15,422,846,15389,1179
before-runs,200x60-solid,11234,40.987,write_us,18280,1614,14,739,813,20435,705
before-runs,200x60-solid,11237,42.484,write_us,12576,3645,13,663,650,27143,1438
before-runs,200x60-solid,11238,92.898,write_us,21890,5224,18,739,972,68962,316
before-runs,200x60-solid,11239,48.318,wait/deadline wake,29389,12722,13,1709,10379,6507,320
before-runs,200x60-solid,11262,40.363,write_us,18289,1622,10,651,754,19981,677
before-runs,200x60-solid,11270,35.143,write_us,16089,4496,13,822,640,15428,2149
before-runs,200x60-solid,11271,40.568,write_us,18345,1679,8,262,795,19078,2079
before-runs,200x60-solid,11272,64.096,write_us,20097,3430,15,766,935,41130,1153
before-runs,200x60-solid,11273,45.08,write_us,16863,197,18,695,1206,25153,1144
before-runs,200x60-solid,11278,51.717,write_us,17919,1252,16,384,830,30552,2016
before-runs,200x60-solid,11279,72.152,write_us,18751,2085,11,661,1090,47876,3762
before-runs,200x60-solid,11280,63.563,write_us,19672,3005,13,273,1097,41337,1170
before-runs,200x60-solid,11281,62.733,write_us,18325,1659,22,745,1527,40415,1698
before-runs,200x60-solid,11288,88.134,write_us,18383,1717,12,669,921,63593,4555
before-runs,200x60-solid,11289,93.76,write_us,21792,5126,13,274,1209,69895,576
before-runs,200x60-solid,11294,36.18,write_us,14958,37,12,671,742,18640,1156
before-runs,200x60-solid,11295,56.372,write_us,16829,163,15,906,828,35461,2331
before-runs,200x60-solid,11296,86.024,write_us,18879,2213,18,1358,1019,64507,241
before-runs,200x60-solid,11297,38.094,write_us,18101,1434,23,500,1146,18243,80
before-runs,200x60-solid,11303,34.92,write_us,14756,543,11,653,564,16665,2270
before-runs,200x60-solid,11304,65.682,write_us,17198,532,15,837,932,44346,2353
before-runs,200x60-solid,11305,74.572,write_us,17889,1222,19,923,1014,52308,2418
before-runs,200x60-solid,11306,42.581,write_us,16789,122,19,688,1088,21440,2557
before-runs,200x60-solid,11307,37.995,write_us,17210,544,17,843,1048,15841,3035
before-runs,200x60-solid,11308,40.181,write_us,17677,1011,14,759,1258,19277,1194
before-runs,200x60-solid,11309,45.419,write_us,17671,1004,17,1830,788,24127,986
before-runs,200x60-solid,11310,48.057,write_us,16804,138,17,776,878,28371,1209
before-runs,200x60-solid,11311,38.699,write_us,17677,1011,18,469,762,18553,1219
before-runs,200x60-solid,11312,46.062,write_us,17696,1029,12,264,1170,24222,2698
before-runs,200x60-solid,11313,38.557,write_us,17335,668,16,723,1017,18322,1144
before-runs,200x60-solid,11314,37.139,write_us,17504,838,11,267,685,17529,1142
before-runs,200x60-solid,11315,37.48,write_us,17808,1142,14,678,715,16962,1302
before-runs,200x60-solid,11316,36.572,write_us,17403,736,20,675,834,16405,1235
before-runs,200x60-solid,11324,52.94,write_us,17312,646,15,717,863,31650,2382
before-runs,200x60-solid,11325,43.837,write_us,17676,1010,17,673,1138,23178,1153
before-runs,200x60-solid,11340,97.058,write_us,33635,302,18,785,1108,59183,2328
before-runs,200x60-solid,11341,96.815,write_us,34700,1367,12,272,1361,58192,2278
before-runs,200x60-solid,11354,78.751,write_us,34037,707,19,673,1758,39814,2446
before-runs,200x60-solid,11358,73.196,write_us,32986,2566,14,661,952,37971,610
before-runs,200x60-solid,12246,192.711,wait/deadline wake,188214,173469,45,669,1613,2144,25
before-runs,200x60-solid,12255,36.241,wait/deadline wake,34113,18842,16,874,919,301,18
before-runs,200x60-solid,12324,54.513,wait/deadline wake,46923,34345,18,1360,5445,759,7
before-runs,200x60-solid,12330,56.794,write_us,18467,3893,16,1128,693,36484,6
before-runs,200x60-solid,12333,35.642,wait/deadline wake,31268,18332,13,786,902,2666,7
before-runs,200x60-solid,12518,35.874,write_us,17373,707,18,662,891,16631,298
before-runs,200x60-solid,12535,52.37,write_us,17676,1010,15,1341,847,28996,3493
before-runs,200x60-solid,12536,59.914,write_us,17677,1010,21,714,1126,38104,2271
before-runs,200x60-solid,12537,67.053,write_us,17518,852,19,658,1137,45543,2177
before-runs,200x60-solid,12539,35.028,write_us,15499,2597,18,663,766,18075,6
before-runs,200x60-solid,12554,49.801,write_us,17682,1016,15,740,868,28209,2286
before-runs,200x60-solid,12736,74.431,wait/deadline wake,72037,57194,23,422,743,1159,47
before-runs,200x60-solid,12819,41.737,wait/deadline wake,38221,32066,18,782,791,1914,11
before-runs,200x60-solid,12822,68.301,wait/deadline wake,63769,49133,18,717,1588,2199,10
before-runs,200x60-solid,13956,34.443,write_us,12756,3050,12,532,542,17918,2682
before-runs,200x60-solid,13957,37.484,write_us,24330,7664,17,1293,958,8546,2339
before-runs,200x60-solid,13967,33.36,write_us,18180,1513,14,699,660,10313,3494
before-runs,200x60-solid,13997,34.415,write_us,20348,3683,16,688,742,12256,363
before-runs,200x60-solid,13998,42.203,write_us,18376,1713,13,845,594,20335,2036
before-runs,200x60-solid,13999,46.083,write_us,18401,1734,16,678,857,23773,2358
before-runs,200x60-solid,14000,41.353,write_us,17717,1051,16,1049,745,19686,2139
before-runs,200x60-solid,14010,43.291,write_us,17480,815,14,944,584,21011,3256
before-runs,200x60-solid,14011,37.248,write_us,17603,936,13,701,725,17100,1106
before-runs,200x60-solid,14018,35.779,write_us,17677,1010,14,709,758,16537,83
before-runs,200x60-solid,14019,45.787,write_us,17714,1047,12,606,716,25342,1396
before-runs,200x60-solid,14039,35.624,write_us,10210,3423,7,261,624,21092,3429
before-runs,200x60-solid,14040,66.765,write_us,17996,1330,16,1267,1392,40682,5410
before-runs,200x60-solid,14054,50.561,write_us,23481,6815,14,491,846,23209,2519
before-runs,200x60-solid,14055,36.879,write_us,18290,1624,8,1047,675,15398,1460
before-runs,200x60-solid,14056,40.094,write_us,17773,1107,14,677,646,18710,2273
before-runs,200x60-solid,14057,47.099,write_us,16942,276,19,844,721,23869,4703
before-runs,200x60-solid,14058,42.493,write_us,18651,1985,9,417,662,22739,14
before-runs,200x60-solid,14059,48.979,write_us,19737,3070,8,260,664,28283,27
before-runs,200x60-solid,14067,54.458,write_us,17733,1067,16,681,1626,30905,3496
before-runs,200x60-solid,14068,55.419,write_us,17927,1261,33,858,798,33520,2282
before-runs,200x60-solid,14069,45.238,write_us,17133,467,15,776,846,24975,1492
before-runs,200x60-solid,14074,35.863,write_us,14235,1928,13,779,1262,15552,4021
before-runs,200x60-solid,14082,49.106,write_us,17833,1167,42,1191,686,27304,2049
before-runs,200x60-solid,14090,40.11,write_us,17630,964,21,684,755,21008,10
before-runs,200x60-solid,14114,44.373,write_us,16951,2436,14,672,2989,23129,617
before-runs,200x60-solid,14115,65.148,write_us,19355,2689,5,275,1194,41778,2541
before-runs,200x60-solid,14116,97.68,write_us,17919,1253,82,771,1177,77442,288
before-runs,200x60-solid,14126,65.732,write_us,18366,5054,249,848,6627,37306,2336
before-runs,200x60-solid,14127,83.262,write_us,18017,1351,17,807,1374,60645,2400
before-runs,200x60-solid,14128,37.58,write_us,17676,1010,19,703,1435,17447,299
before-runs,200x60-solid,14147,34.088,write_us,11694,1178,15,680,856,19649,1194
before-runs,200x60-solid,14148,52.18,write_us,18048,1382,13,750,1223,29830,2315
before-runs,200x60-solid,14149,73.856,write_us,17544,878,12,2236,1148,50633,2282
before-runs,200x60-solid,14150,57.239,write_us,17594,927,18,684,1188,37748,7
before-runs,200x60-solid,14153,41.379,write_us,15168,1361,8,1221,579,21702,2700
before-runs,200x60-solid,14154,60.534,write_us,19582,2916,10,271,955,39707,8
before-runs,200x60-solid,14167,34.785,write_us,18250,1584,7,269,861,15391,5
before-runs,200x60-solid,14168,49.569,write_us,19778,3113,13,1041,928,27281,525
before-runs,200x60-solid,14169,59.736,write_us,20540,3874,13,1306,1047,33067,3762
before-runs,200x60-solid,14170,47.464,write_us,17619,952,461,671,6185,22463,64
before-runs,200x60-solid,14179,64.038,write_us,18225,1559,15,665,838,43990,304
before-runs,200x60-solid,14183,41.247,write_us,14567,2701,10,1197,7521,15445,2506
before-runs,200x60-solid,14184,74.569,write_us,18920,2254,13,736,1150,51442,2307
before-runs,200x60-solid,14185,119.828,write_us,20653,3987,18,601,1159,95157,2238
before-runs,200x60-solid,14194,33.518,write_us,16444,1673,10,603,520,13715,2225
before-runs,200x60-solid,14199,33.821,write_us,13923,2549,10,749,562,18038,538
before-runs,200x60-solid,14200,48.49,write_us,18292,1626,13,1409,853,20679,7243
before-runs,200x60-solid,14201,57.529,write_us,20460,3794,17,755,975,34740,581
before-runs,250x70-braille,160,34.367,wait/deadline wake,32451,1012,13,1245,592,60,6
before-runs,250x70-braille,218,61.002,config save,14795,174,44322,1387,452,39,6
before-runs,250x70-braille,1753,34.825,wait/deadline wake,32464,17367,14,1369,339,634,5
before-runs,250x70-braille,4247,36.825,write_us,18328,4663,14,4083,505,13889,5
before-runs,250x70-braille,5410,34.473,write_us,17498,3944,54,1772,554,11570,3004
before-runs,250x70-braille,5423,47.99,flush_us,20169,3502,11,2879,299,12151,12481
before-runs,250x70-braille,5424,103.301,wait/deadline wake,28520,11854,21,15709,4921,30007,24121
before-runs,250x70-braille,5429,37.543,wait/deadline wake,34153,19983,13,2870,296,24,185
before-runs,250x70-braille,5430,133.399,wait/deadline wake,47841,31174,27,7292,1094,67963,9182
before-runs,250x70-braille,5431,68.096,wait/deadline wake,37053,20386,30,2462,655,21639,6256
before-runs,250x70-braille,5432,37.905,write_us,17678,1012,20,4290,804,12351,2761
before-runs,250x70-braille,5433,34.791,write_us,18534,1867,8,4031,1127,8857,2234
before-runs,250x70-braille,5440,116.289,write_us,4687,1441,15,42652,3007,56460,9467
before-runs,250x70-braille,5441,80.928,preceding frame overrun / pacing,22396,5731,34,4770,655,40835,12237
before-runs,250x70-braille,5442,61.044,wait/deadline wake,26142,9476,27,4317,690,27571,2296
before-runs,250x70-braille,5471,52.772,wait/deadline wake,31275,14608,17,2164,571,17210,1534
before-runs,250x70-braille,5472,35.928,write_us,21812,5147,17,1343,538,10406,1810
before-runs,250x70-braille,5473,36.956,write_us,19042,2376,16,2100,476,10446,4874
before-runs,250x70-braille,5482,51.696,write_us,1871,584,11,1915,854,29300,17743
before-runs,250x70-braille,5486,36.424,write_us,20263,3597,15,1414,487,10085,4159
before-runs,250x70-braille,5491,34.8,write_us,16492,3370,14,4641,437,11485,1729
before-runs,250x70-braille,5492,81.378,diff_us,17543,877,21,1445,23040,19650,19678
before-runs,250x70-braille,5493,49.007,write_us,19398,2732,25,1398,8549,18349,1287
before-runs,250x70-braille,5494,43.202,write_us,18629,1963,20,1545,1191,18260,3556
before-runs,250x70-braille,5498,61.351,wait/deadline wake,25452,8784,15,2339,401,27531,5613
before-runs,250x70-braille,5499,62.231,write_us,24326,7660,11,562,528,29488,7314
before-runs,250x70-braille,5500,39.731,write_us,19491,2826,19,1506,579,13398,4736
before-runs,250x70-braille,5501,34.937,write_us,18223,1557,18,1546,506,13719,924
before-runs,250x70-braille,5505,66.129,write_us,23902,7236,14,2424,519,29278,9992
before-runs,250x70-braille,5506,61.046,write_us,19820,3154,16,1761,2180,33866,3401
before-runs,250x70-braille,5507,94.437,wait/deadline wake,26587,9921,18,1727,641,54560,10903
before-runs,250x70-braille,5508,55.212,write_us,20992,4326,20,3297,1507,25102,4293
before-runs,250x70-braille,5509,35.24,write_us,18127,1462,139,1639,585,12044,2704
before-runs,250x70-braille,5510,52.602,write_us,24539,7873,36,1575,585,23429,2437
before-runs,250x70-braille,5524,44.07,wait/deadline wake,32436,19178,10,4371,1852,5377,22
before-runs,250x70-braille,5525,35.513,draw_us,23621,6956,13,6557,2510,2782,28
before-runs,250x70-braille,5530,41.58,flush_us,6237,4296,16,1826,12147,8557,12796
before-runs,250x70-braille,5531,55.307,write_us,19113,2447,7,569,523,24815,10278
before-runs,250x70-braille,5539,51.75,wait/deadline wake,36534,19867,18,14505,539,146,8
before-runs,250x70-braille,5540,99.695,flush_us,20433,3767,12,29520,850,15260,33619
before-runs,250x70-braille,5541,69.475,preceding frame overrun / pacing,40688,24021,903,9785,759,15922,1418
before-runs,250x70-braille,5550,54.392,write_us,22539,9273,12,1750,386,22613,7090
before-runs,250x70-braille,5551,80.19,wait/deadline wake,27773,11109,21,1606,546,43428,6812
before-runs,250x70-braille,5559,53.27,write_us,19775,6550,12,1540,450,22132,9360
before-runs,250x70-braille,5560,93.402,write_us,24267,7602,20,1380,586,64688,2459
before-runs,250x70-braille,5561,37.978,write_us,20298,3631,344,1565,659,13974,1138
before-runs,250x70-braille,5579,80.199,diff_us,36068,5717,14,597,28317,10976,4225
before-runs,250x70-braille,5606,78.086,write_us,44438,14791,15,1445,1879,25304,5004
before-runs,250x70-braille,5607,76.932,write_us,36652,3320,21,14293,659,23451,1854
before-runs,250x70-braille,5624,69.369,write_us,36785,8060,14,1350,595,25288,5337
before-runs,250x70-braille,5625,88.383,write_us,44175,10842,24,2469,590,37988,3136
before-runs,250x70-braille,5629,94.804,write_us,33697,5451,14,1389,1030,41129,17544
before-runs,250x70-braille,5636,68.963,write_us,36261,2930,16,1447,664,28614,1958
before-runs,250x70-braille,5665,141.337,write_us,35553,14716,57,2986,535,95169,7035
before-runs,250x70-braille,5675,91.062,write_us,35363,2030,21,5999,558,44243,4877
before-runs,250x70-braille,5676,81.65,write_us,37779,4446,28,1957,716,38862,2307
before-runs,250x70-braille,5680,94.789,write_us,39192,9183,12,1341,514,35705,18023
before-runs,250x70-braille,5681,68.85,write_us,41083,7750,23,4647,587,21625,885
before-runs,250x70-braille,5696,67.787,write_us,35218,5442,15,1348,526,27968,2710
before-runs,250x70-braille,5700,110.727,write_us,40822,10678,19,1521,534,58066,9764
before-runs,250x70-braille,5705,117.785,wait/deadline wake,52901,22748,177,739,520,55828,7619
before-runs,250x70-braille,5711,105.829,write_us,43515,10182,23,1516,12242,46256,2276
before-runs,250x70-braille,5712,92.802,write_us,40270,6937,23,1376,668,45945,4519
before-runs,250x70-braille,5731,93.804,wait/deadline wake,50203,20456,9,721,522,33397,8952
before-runs,250x70-braille,5755,112.685,write_us,47991,20052,29,1509,552,46415,16188
before-runs,250x70-braille,5768,112.559,write_us,40950,7618,19,1341,569,67721,1957
before-runs,250x70-braille,5782,86.035,write_us,38388,16842,18,771,372,35755,10730
before-runs,250x70-braille,5795,132.34,wait/deadline wake,54159,24145,19,1433,653,60620,15454
before-runs,250x70-braille,5799,138.409,wait/deadline wake,57018,26221,19,1728,608,73187,5848
before-runs,250x70-braille,5804,92.312,write_us,34342,1009,12,624,869,42543,13922
before-runs,250x70-braille,5812,104.048,write_us,40253,14904,8,1877,1279,56647,3983
before-runs,250x70-braille,5817,123.45,write_us,41159,10970,13,1583,576,58151,21967
before-runs,250x70-braille,5822,92.468,write_us,34174,8724,17,10579,550,41218,5928
before-runs,250x70-braille,5841,69.7,write_us,10324,8838,15,1701,481,36268,20910
before-runs,250x70-braille,5863,74.195,write_us,26544,1495,14,14377,622,22087,10550
before-runs,250x70-braille,5864,84.306,write_us,37623,4291,22,1671,775,42924,1290
before-runs,250x70-braille,5871,66.821,write_us,33862,530,19,2089,971,26068,3811
before-runs,250x70-braille,5873,90.104,write_us,27527,226,15,1347,564,47375,13274
before-runs,250x70-braille,5874,87.97,write_us,45276,11944,24,1983,616,39572,498
before-runs,250x70-braille,5877,89.757,write_us,48430,19689,16,2167,766,36524,1853
before-runs,250x70-braille,5888,67.896,write_us,9583,3093,12,8256,5021,23545,21478
before-runs,250x70-braille,5893,97.528,write_us,48545,15212,22,1681,633,43327,3319
before-runs,250x70-braille,5897,73.372,write_us,38835,8577,15,1335,545,32216,425
before-runs,250x70-braille,6336,41.558,write_us,17966,1300,11,603,631,20070,2276
before-runs,250x70-braille,6337,43.964,write_us,17053,386,25,910,812,22886,2278
before-runs,250x70-braille,6340,33.955,write_us,15432,1010,16,1406,1046,13604,2451
before-runs,250x70-braille,6346,43.696,write_us,16997,330,23,1312,758,22255,2351
before-runs,250x70-braille,6347,44.196,write_us,17373,706,20,1326,725,22479,2273
before-runs,250x70-braille,6357,44.22,write_us,17239,573,22,1337,728,22627,2266
before-runs,250x70-braille,6382,45.889,write_us,17676,1011,23,1458,745,23710,2276
before-runs,250x70-braille,6399,40.736,write_us,17676,1010,17,1358,703,19871,1110
before-runs,250x70-braille,6448,42.991,write_us,17676,1010,24,1342,798,20937,2212
before-runs,250x70-braille,6449,40.066,write_us,17676,1010,19,1345,760,20257,8
before-runs,250x70-braille,6462,42.626,write_us,16832,166,19,1313,732,21596,2133
before-runs,250x70-braille,6463,39.248,write_us,17626,959,20,1333,724,17319,2226
before-runs,250x70-braille,6464,44.731,write_us,17679,1013,21,1312,742,22625,2351
before-runs,250x70-braille,6465,43.819,write_us,16761,95,19,1315,779,22655,2288
before-runs,250x70-braille,6487,34.595,write_us,14891,1013,17,1343,715,15351,2277
before-runs,250x70-braille,6488,39.717,write_us,16780,115,16,1463,767,18417,2272
before-runs,250x70-braille,6489,35.478,write_us,18548,1881,21,1321,692,13745,1150
before-runs,250x70-braille,6490,37.491,write_us,16806,140,19,1562,719,15823,2561
before-runs,250x70-braille,6491,41.712,write_us,17149,483,21,1373,728,20166,2274
before-runs,250x70-braille,6492,43.016,write_us,18176,1510,17,1310,706,20521,2285
before-runs,250x70-braille,9925,44.828,write_us,21672,5005,13,596,552,21048,946
before-runs,250x70-braille,9934,41.255,write_us,18017,5688,17,1941,580,17359,3339
before-runs,250x70-braille,9935,61.665,write_us,21529,4862,23,2004,1171,34994,1943
before-runs,250x70-braille,9936,33.574,write_us,24474,7809,28,607,479,7127,858
before-runs,250x70-braille,9950,36.891,write_us,20611,3946,21,1596,595,11716,2350
before-runs,250x70-braille,10010,40.658,write_us,17492,825,17,1505,648,18516,2479
before-runs,250x70-braille,10011,43.526,write_us,18679,2013,21,1372,699,20442,2312
before-runs,250x70-braille,10021,52.205,write_us,11435,1132,17,1574,411,30507,8260
before-runs,250x70-braille,10022,54.635,write_us,20137,3471,20,1480,632,30604,1761
before-runs,250x70-braille,10023,42.237,write_us,18664,1999,27,6815,623,16100,7
before-runs,250x70-braille,10024,34.795,write_us,17223,556,19,1366,594,15282,311
before-runs,250x70-braille,10035,35.182,write_us,17324,658,18,1364,557,13650,2268
before-runs,250x70-braille,10741,40.162,write_us,17102,436,20,1617,718,18335,2369
before-runs,250x70-braille,10742,41.613,write_us,17676,1010,17,1499,960,19393,2066
before-runs,250x70-braille,10743,39.335,write_us,16933,267,19,1595,669,17841,2277
before-runs,250x70-braille,11153,44.357,write_us,17943,1277,18,1289,664,21375,3067
before-runs,250x70-braille,11405,43.417,write_us,22498,5832,19,1362,597,16535,2405
before-runs,250x70-braille,11406,43.167,write_us,20000,3334,19,1191,532,18374,3050
before-runs,250x70-braille,11407,43.559,write_us,17716,1050,17,1491,610,21122,2602
before-runs,250x70-braille,11408,42.248,write_us,17774,1109,26,1458,651,13775,8563
before-runs,250x70-braille,11416,36.698,write_us,17275,609,18,1422,546,15086,2350
before-runs,250x70-braille,11435,54.15,write_us,19350,2688,19,1390,704,30412,2270
before-runs,250x70-braille,11436,39.673,write_us,17675,1009,19,734,590,18386,2268
before-runs,250x70-braille,11437,40.531,write_us,17679,1016,19,1340,735,17923,2831
before-runs,250x70-braille,11438,39.967,write_us,17324,658,19,1383,768,18343,2129
before-runs,250x70-braille,11439,40.849,write_us,17847,1182,13,1015,907,18747,2318
before-runs,250x70-braille,11440,46.242,write_us,17911,1245,10,943,655,24884,1838
before-runs,250x70-braille,11441,44.044,write_us,20452,3785,13,1216,624,20573,1166
before-runs,250x70-braille,11442,38.882,write_us,18703,2037,18,1473,617,15672,2398
before-runs,250x70-braille,11443,37.146,write_us,16782,117,19,1409,661,15988,2285
before-runs,250x70-braille,11448,43.141,write_us,17884,1218,16,1516,599,20249,2876
before-runs,250x70-braille,11449,43.662,write_us,17824,1158,10,1664,783,23005,374
before-runs,250x70-braille,11457,36.246,write_us,15696,2090,10,1846,561,13251,4882
before-runs,250x70-braille,11460,71.228,wait/deadline wake,27789,13305,9,597,547,40159,2126
before-runs,250x70-braille,11461,39.391,write_us,19784,3117,25,1197,637,16166,1582
before-runs,250x70-braille,11473,66.674,write_us,21316,7850,12,1596,585,39112,4052
before-runs,250x70-braille,11474,76.809,wait/deadline wake,26959,10293,25,2301,654,46664,205
before-runs,250x70-braille,11482,38.557,write_us,17767,1101,16,1430,997,15003,3343
before-runs,250x70-braille,11483,56.321,write_us,21439,4774,18,1352,562,28966,3982
before-runs,250x70-braille,11484,71.855,write_us,22093,5427,19,836,522,36126,12257
before-runs,250x70-braille,11485,67.108,write_us,21432,4766,13,1144,781,38623,5114
before-runs,250x70-braille,11496,40.266,write_us,21247,7528,16,1431,504,14251,2816
before-runs,250x70-braille,11505,72.967,wait/deadline wake,35701,22279,15,15771,3662,17447,369
before-runs,250x70-braille,11506,55.843,write_us,18830,2164,25,15665,863,20446,13
before-runs,250x70-braille,11514,37.028,write_us,12127,2773,13,1468,442,16039,6937
before-runs,250x70-braille,11515,56.014,write_us,22128,5462,16,1488,611,28511,3259
before-runs,250x70-braille,11516,51.122,write_us,20325,3658,1764,2723,1957,23402,950
before-runs,250x70-braille,11539,41.362,write_us,17669,3221,16,1974,483,13575,7643
before-runs,250x70-braille,11540,50.912,write_us,20224,3558,14,1345,495,26195,2637
before-runs,250x70-braille,11541,34.244,write_us,21634,4967,8,564,493,8271,3274
before-runs,250x70-braille,11542,36.701,write_us,23624,6958,17,1836,1069,7418,2735
before-runs,250x70-braille,11543,38.078,wait/deadline wake,27392,10725,10,629,613,6491,2943
before-runs,250x70-braille,11544,36.35,write_us,19641,2974,13,1635,863,14012,185
before-runs,250x70-braille,11559,39.196,diff_us,12603,408,16,823,15345,8390,2018
before-runs,250x70-braille,11560,95.348,wait/deadline wake,40631,23964,27,13781,2989,35234,2686
before-runs,250x70-braille,11561,53.68,write_us,17819,1154,30,1406,717,31380,2326
before-runs,250x70-braille,11562,52.121,write_us,19680,3014,26,1750,651,26879,3135
before-runs,250x70-braille,11567,39.537,write_us,13300,5637,15,2600,7373,15627,622
before-runs,250x70-braille,11568,69.134,diff_us,20048,3381,15,1782,21949,15943,9398
before-runs,250x70-braille,11569,44.828,wait/deadline wake,25217,8551,24,3433,768,15229,156
before-runs,250x70-braille,11570,56.01,write_us,21991,5325,11,1560,1967,30124,356
before-runs,250x70-braille,11571,40.0,write_us,19413,2746,17,1240,7801,9980,1549
before-runs,250x70-braille,11572,68.666,write_us,17455,788,14,1511,7589,31068,11029
before-runs,250x70-braille,11579,55.4,write_us,18299,2880,11,602,444,35590,454
before-runs,250x70-braille,11580,48.076,write_us,20590,3925,16,2215,632,22823,1799
before-runs,250x70-braille,11581,69.999,write_us,19463,2797,19,3239,1093,39925,6259
before-runs,250x70-braille,11582,84.464,write_us,18247,1581,22,1481,806,55555,8353
before-runs,250x70-braille,11583,97.582,write_us,19820,3154,26,11017,756,53087,12874
before-runs,250x70-braille,11584,75.82,write_us,19682,3016,31,1540,1059,52865,641
before-runs,250x70-braille,11585,79.718,wait/deadline wake,29098,12432,26,1369,935,45937,2352
before-runs,250x70-braille,11586,48.309,wait/deadline wake,27206,10540,22,2983,1341,16749,7
before-runs,250x70-braille,11587,52.329,write_us,20473,3807,21,3683,9294,16561,2296
before-runs,250x70-braille,11588,34.605,write_us,17664,998,20,1609,1215,13064,1032
before-runs,250x70-braille,11706,75.363,write_us,33811,5396,18,1977,1403,35846,2307
before-runs,250x70-braille,12571,37.976,write_us,20003,3337,10,572,491,14969,1930
before-runs,250x70-braille,12572,54.074,wait/deadline wake,30478,13812,14,1431,1446,20081,623
before-runs,250x70-braille,12573,44.717,diff_us,18300,1633,17,9854,14358,1998,190
before-runs,250x70-braille,12645,51.902,write_us,21369,4703,15,1384,613,26216,2304
before-runs,250x70-braille,12646,60.754,write_us,20163,3496,16,671,594,34334,4975
before-runs,250x70-braille,12656,42.806,write_us,17375,708,14,1255,574,19326,4262
before-runs,250x70-braille,12657,57.211,write_us,17507,841,16,1916,700,33769,3302
before-runs,250x70-braille,12668,34.649,write_us,10066,880,12,1863,514,18428,3766
before-runs,250x70-braille,12669,44.809,write_us,17413,746,15,1351,971,22149,2909
before-runs,250x70-braille,12670,42.085,write_us,17898,1231,15,1490,641,19499,2541
before-runs,250x70-braille,12743,41.41,write_us,17680,1014,17,1382,795,19260,2275
before-runs,250x70-braille,12744,41.109,write_us,18495,1829,13,1430,544,18401,2225
before-runs,250x70-braille,12745,37.706,write_us,17737,1071,9,579,769,16282,2329
before-runs,250x70-braille,12746,43.048,write_us,19435,2769,14,1203,686,21226,482
before-runs,250x70-braille,12780,82.628,diff_us,15443,1019,12,1688,63457,2014,13
before-runs,250x70-braille,12867,43.832,wait/deadline wake,30800,16997,11,805,12087,117,11
before-runs,250x70-braille,14022,186.323,wait/deadline wake,183230,169788,14,604,665,1800,9
before-runs,250x70-braille,14031,36.031,wait/deadline wake,33392,18540,13,1551,499,538,38
before-runs,250x70-braille,14100,54.453,wait/deadline wake,47349,35109,15,4801,995,1255,37
before-runs,250x70-braille,14106,55.817,write_us,16145,1725,16,2579,546,35657,873
before-runs,250x70-braille,14109,36.283,wait/deadline wake,31071,18269,13,1635,815,2645,104
before-runs,250x70-braille,14529,85.529,draw_us,14673,781,25,70278,357,183,12
before-runs,250x70-braille,14613,34.76,wait/deadline wake,32630,17422,8,570,334,1194,24
before-runs,250x70-braille,14616,68.247,wait/deadline wake,63954,49678,27,1622,2494,63,87
before-runs,250x70-braille,15832,34.484,write_us,16040,3222,14,1901,495,14826,1206
before-runs,250x70-braille,15853,38.671,write_us,17230,565,17,996,497,17137,2792
before-runs,250x70-braille,15854,38.929,write_us,20029,3364,10,554,412,16195,1727
before-runs,250x70-braille,15868,46.426,write_us,21914,5248,13,1392,574,21362,1170
before-runs,250x70-braille,15889,45.79,write_us,17995,1328,85,1383,596,22294,3436
before-runs,250x70-braille,15890,40.016,write_us,18014,1348,8,545,897,18307,2243
before-runs,250x70-braille,15891,35.165,write_us,17216,551,16,1895,1051,13934,1051
before-runs,250x70-braille,15943,36.845,write_us,20534,7315,8,672,425,13449,1756
before-runs,250x70-braille,15944,40.241,write_us,17665,998,11,3518,546,16542,1959
before-runs,250x70-braille,15945,38.109,write_us,17135,469,18,1383,652,15349,3571
before-runs,250x70-braille,15946,53.408,write_us,17084,417,15,1707,629,29800,4173
before-runs,250x70-braille,15947,38.18,write_us,17804,1137,18,898,644,17472,1344
before-runs,250x70-braille,15958,37.561,write_us,18525,4865,15,1106,4322,11268,2320
before-runs,250x70-braille,15959,44.915,write_us,19146,2480,17,1414,772,20882,2683
before-runs,250x70-braille,15960,44.172,write_us,18733,2066,11,580,625,21100,3122
before-runs,250x70-braille,15961,35.232,write_us,17673,1007,9,576,644,15184,1145
before-runs,250x70-braille,15995,34.493,write_us,14246,1259,327,773,464,16548,2134
before-runs,250x70-braille,15996,61.963,wait/deadline wake,25198,8531,16,1848,764,27926,6210
before-runs,250x70-braille,15997,39.502,write_us,18423,1757,11,590,677,19591,209
before-runs,250x70-braille,16008,37.944,write_us,20873,4208,9,664,607,15462,328
before-runs,250x70-braille,16014,51.576,write_us,23556,6889,12,641,617,26199,551
before-runs,250x70-braille,16022,37.829,write_us,15109,1317,12,2210,1225,17605,1668
before-runs,250x70-braille,16023,69.223,write_us,19279,2613,14,2146,700,46955,127
before-runs,250x70-braille,16027,37.04,write_us,15039,3629,12,2288,6256,11176,2269
before-runs,250x70-braille,16028,47.895,write_us,17479,813,17,1211,972,25890,2324
before-runs,250x70-braille,16029,56.316,write_us,17815,1149,17,1475,717,27014,9276
before-runs,250x70-braille,16030,65.924,write_us,18634,1968,15,1445,697,40241,4891
before-runs,250x70-braille,16031,44.291,write_us,19050,2384,16,1312,782,23037,93
before-runs,250x70-braille,16044,33.62,write_us,11688,3314,14,1670,568,19318,362
before-runs,250x70-braille,16045,40.374,write_us,22075,5409,16,1378,678,15032,1194
before-runs,250x70-braille,16046,56.355,write_us,21420,4755,13,1379,753,28643,4145
before-runs,250x70-solid,160,34.993,wait/deadline wake,32514,1010,12,1010,1286,164,6
before-runs,250x70-solid,218,60.96,config save,14714,1009,44237,1139,761,102,6
before-runs,250x70-solid,942,36.106,flush_us,14867,580,15,553,614,291,19765
before-runs,250x70-solid,4905,36.187,write_us,17679,1013,18,1053,953,15323,1160
before-runs,250x70-solid,4906,36.387,write_us,17675,1009,17,1262,978,15310,1144
before-runs,250x70-solid,4907,40.677,write_us,17678,1012,19,1084,1090,18523,2282
before-runs,250x70-solid,4908,55.152,write_us,17084,418,17,1157,1011,33595,2287
before-runs,250x70-solid,4909,59.418,write_us,17594,929,34,1981,1453,36085,2270
before-runs,250x70-solid,4910,63.685,write_us,17679,1012,22,1150,1309,41244,2280
before-runs,250x70-solid,4914,37.901,write_us,15537,1198,14,1505,930,17542,2372
before-runs,250x70-solid,4915,57.453,write_us,17745,1080,17,1278,1045,35090,2276
before-runs,250x70-solid,4930,33.866,write_us,11526,399,14,1087,770,18196,2272
before-runs,250x70-solid,4945,34.795,write_us,14275,258,14,1108,764,16355,2277
before-runs,250x70-solid,4956,38.963,write_us,14287,1010,15,1249,978,20159,2275
before-runs,250x70-solid,4966,39.334,write_us,14868,1010,13,1127,924,20302,2099
before-runs,250x70-solid,4979,41.342,write_us,16132,1425,10,1680,843,20166,2510
before-runs,250x70-solid,4997,38.039,write_us,14548,923,14,1037,1121,20241,1077
before-runs,250x70-solid,4998,45.536,write_us,17223,556,19,1361,1264,24521,1147
before-runs,250x70-solid,4999,62.638,write_us,17641,974,16,1772,1572,39350,2286
before-runs,250x70-solid,5000,69.774,write_us,16797,131,29,1544,1612,49780,11
before-runs,250x70-solid,5023,33.535,write_us,13404,787,10,1065,788,15974,2293
before-runs,250x70-solid,5042,35.108,write_us,15039,863,14,1058,759,15961,2276
before-runs,250x70-solid,5055,36.75,write_us,14269,643,10,1044,1078,18257,2091
before-runs,250x70-solid,5056,56.093,write_us,17677,1010,16,1054,1202,33400,2744
before-runs,250x70-solid,5057,46.684,write_us,17675,1009,22,1067,1206,26707,6
before-runs,250x70-solid,5086,46.834,write_us,17058,391,17,3778,861,22837,2283
before-runs,250x70-solid,5087,36.203,write_us,17828,1162,47,1516,1003,15799,8
before-runs,250x70-solid,5098,44.757,write_us,17672,1006,12,1167,882,22750,2273
before-runs,250x70-solid,5099,60.296,write_us,17675,1008,16,1189,1167,37967,2282
before-runs,250x70-solid,5100,59.869,write_us,17676,1010,23,1060,1236,37794,2079
before-runs,250x70-solid,5134,39.186,write_us,14782,917,15,1322,1166,19468,2433
before-runs,250x70-solid,5149,34.623,write_us,16732,66,16,1039,876,15950,8
before-runs,250x70-solid,5153,45.477,write_us,18043,1376,13,1350,971,22776,2324
before-runs,250x70-solid,5154,46.684,write_us,17612,945,16,1063,931,24862,2200
before-runs,250x70-solid,5159,40.174,write_us,17677,1011,18,1279,770,18146,2283
before-runs,250x70-solid,5170,46.904,write_us,17677,1011,18,1318,889,24786,2216
before-runs,250x70-solid,5193,35.425,write_us,14764,997,16,1020,896,15184,3543
before-runs,250x70-solid,5194,46.202,write_us,17422,756,16,1102,894,24492,2275
before-runs,250x70-solid,5241,46.642,write_us,17616,951,15,1132,968,24774,2135
before-runs,250x70-solid,5242,51.779,write_us,17677,1011,18,1110,1009,29682,2281
before-runs,250x70-solid,5243,41.894,write_us,17240,574,87,1045,957,22557,7
before-runs,250x70-solid,5332,40.926,write_us,14899,1042,15,482,579,22121,2829
before-runs,250x70-solid,5333,50.129,write_us,20169,3503,17,1266,1105,20917,6654
before-runs,250x70-solid,5334,38.431,write_us,17677,1010,20,1075,1103,15891,2664
before-runs,250x70-solid,5338,50.444,write_us,17097,430,18,1363,772,27615,3578
before-runs,250x70-solid,5347,45.894,wait/deadline wake,34541,17875,17,2487,1011,7798,39
before-runs,250x70-solid,5348,40.424,wait/deadline wake,30539,13872,408,5066,2829,1574,7
before-runs,250x70-solid,5349,36.21,wait/deadline wake,32176,15510,18,1434,1053,1198,329
before-runs,250x70-solid,5350,219.501,wait/deadline wake,78206,61540,7227,1491,3164,124084,5328
before-runs,250x70-solid,5351,63.823,write_us,17725,1059,400,1078,1862,42217,540
before-runs,250x70-solid,5356,45.102,write_us,17920,1253,17,1076,960,22773,2355
before-runs,250x70-solid,5357,64.101,write_us,17102,437,17,1025,1272,42228,2455
before-runs,250x70-solid,5358,111.315,write_us,17314,648,22,1738,1280,88318,2641
before-runs,250x70-solid,5359,128.787,write_us,17725,1059,16,411,1301,106834,2499
before-runs,250x70-solid,5360,105.889,write_us,17674,1009,29,1470,1543,78793,6378
before-runs,250x70-solid,5361,60.89,write_us,17988,1323,30,1235,5321,34389,1925
before-runs,250x70-solid,5362,42.624,write_us,18297,1632,19,1089,1066,21250,901
before-runs,250x70-solid,5363,38.847,write_us,22288,5621,11,412,880,15065,191
before-runs,250x70-solid,5364,36.271,write_us,18249,1583,16,1111,951,15752,191
before-runs,250x70-solid,5365,36.572,write_us,18971,2305,16,1355,808,15026,395
before-runs,250x70-solid,5366,55.337,write_us,20131,3465,15,1384,841,29373,3593
before-runs,250x70-solid,5367,89.283,write_us,20623,3956,17,1944,1100,63385,2213
before-runs,250x70-solid,5368,72.559,write_us,18424,1758,24,1138,1431,49917,1623
before-runs,250x70-solid,5369,63.144,write_us,17760,1094,19,1092,1051,39493,3728
before-runs,250x70-solid,5370,53.915,write_us,17286,620,18,1020,1016,32263,2310
before-runs,250x70-solid,5371,109.449,write_us,19166,2500,18,1027,1270,85194,2773
before-runs,250x70-solid,5372,80.169,write_us,20364,3698,29,2911,3118,51507,2238
before-runs,250x70-solid,5378,98.176,diff_us,24049,7384,18,1049,65354,7694,10
before-runs,250x70-solid,5379,71.343,write_us,18664,1997,20,1141,1675,49837,6
before-runs,250x70-solid,5382,66.997,write_us,17606,4918,14,1021,780,38856,8719
before-runs,250x70-solid,5383,106.266,write_us,17071,404,20,1111,1420,86120,523
before-runs,250x70-solid,5384,61.034,write_us,18544,1879,25,1083,1233,40029,119
before-runs,250x70-solid,5386,51.42,write_us,19764,7376,15,1642,719,23837,5443
before-runs,250x70-solid,5387,116.222,write_us,21410,4744,20,1128,1028,89609,3025
before-runs,250x70-solid,5388,179.643,wait/deadline wake,33536,16870,30,1022,1850,140919,2284
before-runs,250x70-solid,5389,60.829,write_us,18531,1865,60,8384,1405,32441,7
before-runs,250x70-solid,5403,34.491,write_us,17430,13853,4567,1008,1466,10012,7
before-runs,250x70-solid,5404,41.11,write_us,18489,1823,11,9786,580,12237,6
before-runs,250x70-solid,5405,35.201,write_us,17868,1202,17,6249,4192,6839,35
before-runs,250x70-solid,5406,63.669,write_us,18036,1370,11,397,688,40273,4263
before-runs,250x70-solid,5407,94.064,write_us,18584,1917,20,881,1244,71727,1608
before-runs,250x70-solid,5414,42.929,write_us,17536,870,13,1248,1964,21874,293
before-runs,250x70-solid,5415,59.397,write_us,17675,1009,17,1022,1040,36820,2822
before-runs,250x70-solid,5426,33.941,write_us,15172,1373,11,1458,705,14350,2244
before-runs,250x70-solid,5429,145.102,write_us,14102,770,8,1057,14014,114275,1645
before-runs,250x70-solid,5430,50.24,write_us,19910,3245,32,2092,1782,26262,160
before-runs,250x70-solid,5431,35.63,write_us,18531,1864,20,1054,917,15102,5
before-runs,250x70-solid,5433,54.486,write_us,14314,931,13,1315,870,31710,6262
before-runs,250x70-solid,5434,122.934,write_us,21637,4971,48,1192,983,95297,3776
before-runs,250x70-solid,5435,52.145,write_us,20246,3580,29,1526,2944,27234,165
before-runs,250x70-solid,5436,36.998,write_us,17934,1268,19,1569,932,16529,13
before-runs,250x70-solid,5444,34.99,write_us,20597,7466,12,1045,638,12089,607
before-runs,250x70-solid,5449,39.63,write_us,14741,1417,11,678,477,18765,4958
before-runs,250x70-solid,5450,96.713,wait/deadline wake,29053,12386,10,8950,1583,56911,205
before-runs,250x70-solid,5451,69.202,write_us,20824,4158,18,1458,1436,45346,119
before-runs,250x70-solid,5454,129.133,write_us,42819,9486,21,1070,20773,44753,19696
before-runs,250x70-solid,5462,94.019,write_us,26672,1009,16,545,3347,44963,18463
before-runs,250x70-solid,5479,145.791,write_us,47450,17534,20,1072,19710,65800,11738
before-runs,250x70-solid,5480,89.203,write_us,34391,1058,16,940,1346,50380,2128
before-runs,250x70-solid,5485,129.772,write_us,14190,4489,11,1007,1640,95314,17608
before-runs,250x70-solid,5493,114.734,write_us,32218,2671,12,1014,1030,61511,18947
before-runs,250x70-solid,5498,118.412,write_us,35119,5455,16,3088,834,79332,22
before-runs,250x70-solid,5499,79.32,write_us,37912,4580,29,1017,9003,30838,519
before-runs,250x70-solid,5501,103.974,write_us,29587,4089,16,1032,850,61785,10703
before-runs,250x70-solid,5502,76.243,write_us,44465,11132,29,1025,1356,29317,50
before-runs,250x70-solid,5503,74.546,write_us,34635,1303,20,1008,1155,37297,429
before-runs,250x70-solid,5504,68.146,write_us,36447,3114,23,1026,1436,29205,8
before-runs,250x70-solid,5527,172.452,wait/deadline wake,54436,21104,25,1171,1705,115039,75
before-runs,250x70-solid,5534,76.819,write_us,19705,4471,17,1202,786,50562,4545
before-runs,250x70-solid,5535,186.535,write_us,45179,11846,25,1040,1283,136736,2271
before-runs,250x70-solid,5536,83.416,write_us,33440,108,37,1016,1518,47390,13
before-runs,250x70-solid,5537,186.75,write_us,36730,3397,23,2069,1115,146145,667
before-runs,250x70-solid,5538,80.228,write_us,34392,1060,37,1019,1512,43164,103
before-runs,250x70-solid,5539,96.551,write_us,36644,3311,12,1769,1003,57116,6
before-runs,250x70-solid,5544,92.596,write_us,38114,9784,17,1008,1733,49468,2255
before-runs,250x70-solid,5549,76.119,write_us,31803,5651,14,1101,820,40100,2279
before-runs,250x70-solid,5550,74.468,write_us,34110,778,22,1113,1040,35882,2299
before-runs,250x70-solid,5551,154.127,write_us,41719,8386,23,1157,1019,110077,132
before-runs,250x70-solid,5555,137.681,write_us,36142,6308,10,415,905,92807,7401
before-runs,250x70-solid,5560,203.108,write_us,43106,9773,25,1151,42257,114274,2294
before-runs,250x70-solid,5561,69.505,write_us,34171,838,33,1046,2034,32206,14
before-runs,250x70-solid,5578,139.291,write_us,43291,12986,10,435,4033,90372,1149
before-runs,250x70-solid,5579,76.835,write_us,33660,327,24,1091,1533,38236,2290
before-runs,250x70-solid,5580,76.197,write_us,34324,992,16,1021,1031,37465,2339
before-runs,250x70-solid,5598,146.625,write_us,45024,14812,13,1206,805,99397,180
before-runs,250x70-solid,5607,141.698,write_us,34332,999,21,1019,1220,102542,2563
before-runs,250x70-solid,5616,114.512,write_us,37350,4017,19,1387,1121,74627,8
before-runs,250x70-solid,5620,128.957,write_us,23635,9367,37,421,716,90137,14010
before-runs,250x70-solid,5632,162.574,write_us,44889,17816,15,1020,1113,113256,2281
before-runs,250x70-solid,5635,152.372,wait/deadline wake,51775,21157,11,2097,1202,97204,82
before-runs,250x70-solid,5639,168.13,write_us,40728,10416,14,1065,7082,109314,9925
before-runs,250x70-solid,5646,122.374,write_us,30052,3540,12,1017,1392,86562,3338
before-runs,250x70-solid,5651,143.431,write_us,44467,19023,18,1205,999,88609,8131
before-runs,250x70-solid,5655,100.14,write_us,29360,4551,14,8767,952,59138,1907
before-runs,250x70-solid,5656,84.973,write_us,38715,5387,22,1040,1196,42850,1145
before-runs,250x70-solid,5657,116.799,write_us,33477,144,23,1246,1081,74247,6725
before-runs,250x70-solid,5658,88.268,write_us,39294,5962,26,1279,1214,45717,736
before-runs,250x70-solid,5669,120.968,write_us,23721,11465,13,1024,770,87880,7560
before-runs,250x70-solid,5691,112.473,write_us,39308,12118,17,1217,1019,62588,8323
before-runs,250x70-solid,5697,144.3,write_us,38124,4792,20,1174,1947,100224,2809
before-runs,250x70-solid,5699,166.617,write_us,39270,12958,12,1011,961,124735,627
before-runs,250x70-solid,5702,128.261,write_us,41874,16437,16,1914,1221,76482,6752
before-runs,250x70-solid,5703,105.142,write_us,38303,4971,315,2545,1741,59917,2319
before-runs,250x70-solid,5708,84.902,write_us,30062,524,13,1277,1165,45723,6662
before-runs,250x70-solid,5709,136.794,write_us,46428,13095,24,1652,1298,85428,1963
before-runs,250x70-solid,5710,168.759,write_us,34443,1110,25,680,1366,123671,8573
before-runs,250x70-solid,5716,79.02,write_us,36122,2789,21,1102,10207,31243,324
before-runs,250x70-solid,5719,81.031,write_us,32080,6019,14,1823,871,39392,6850
before-runs,250x70-solid,5720,87.826,write_us,35755,2423,17,1302,1443,49301,6
before-runs,250x70-solid,5728,122.846,write_us,35428,2095,18,1470,1165,81566,3199
before-runs,250x70-solid,5865,90.713,write_us,16475,1703,15,3563,11127,59326,206
before-runs,250x70-solid,5866,137.437,write_us,36270,2938,17,1409,2385,94199,3155
before-runs,250x70-solid,5867,67.896,write_us,34346,1013,22,3212,2611,25483,2221
before-runs,250x70-solid,5868,144.491,write_us,33423,91,18,1107,2024,104964,2953
before-runs,250x70-solid,5869,87.041,write_us,33979,646,233,1035,2281,45444,4068
before-runs,250x70-solid,5872,129.293,write_us,37904,4571,272,1754,6259,83068,35
before-runs,250x70-solid,5873,148.087,wait/deadline wake,51000,17667,25,1926,4091,89735,1310
before-runs,250x70-solid,5874,151.334,write_us,36197,2864,27,1884,2236,110826,163
before-runs,250x70-solid,5875,116.791,write_us,34550,1217,23,1156,2165,78766,130
before-runs,250x70-solid,5876,98.103,write_us,33912,580,22,1061,2347,60107,653
before-runs,250x70-solid,5877,73.475,write_us,34925,1592,19,1054,1778,35635,63
before-runs,250x70-solid,5878,66.819,write_us,34028,696,15,1006,1686,29604,478
before-runs,250x70-solid,5937,89.305,write_us,34344,1011,23,806,2122,49731,2278
before-runs,250x70-solid,5938,94.633,write_us,34346,1013,27,1009,2264,56979,7
before-runs,250x70-solid,6105,132.61,write_us,34346,1014,32,1048,2061,92839,2282
before-runs,250x70-solid,6109,81.506,write_us,32316,2063,20,1005,1504,44538,2121
before-runs,250x70-solid,6110,83.076,write_us,34271,938,46,1122,1996,45633,6
before-runs,250x70-solid,6111,88.125,write_us,34150,817,33,1012,2260,49515,1155
before-runs,250x70-solid,6112,119.48,write_us,33900,567,34,1028,2160,80082,2275
before-runs,250x70-solid,6124,95.396,write_us,34345,1012,27,1044,1924,57472,583
before-runs,250x70-solid,6125,67.681,write_us,34024,693,76,1086,2028,30165,299
before-runs,250x70-solid,6130,82.598,write_us,33801,469,28,1016,1822,45625,304
before-runs,250x70-solid,6131,69.67,write_us,33648,316,41,1031,1813,32557,578
before-runs,250x70-solid,6132,75.699,write_us,34107,774,28,1049,1733,37543,1238
before-runs,250x70-solid,6133,114.467,write_us,33910,578,31,1019,1959,75245,2301
before-runs,250x70-solid,6144,76.324,write_us,34341,1009,30,1085,1777,37540,1549
before-runs,250x70-solid,6145,96.448,write_us,34332,1010,29,1111,1787,58022,1155
before-runs,250x70-solid,6146,122.616,write_us,33713,381,34,1063,1984,85777,44
before-runs,250x70-solid,6152,84.253,write_us,30562,733,19,1015,1329,49055,2273
before-runs,250x70-solid,6153,107.091,write_us,33881,549,28,1007,1787,68114,2272
before-runs,250x70-solid,6158,77.357,write_us,30187,105,16,1013,1323,42543,2273
before-runs,250x70-solid,6164,82.365,write_us,29706,40,13,1019,1258,48096,2272
before-runs,250x70-solid,6165,83.053,write_us,34341,1009,27,1085,1831,43495,2272
before-runs,250x70-solid,6166,100.848,write_us,34342,1010,27,1025,1657,63791,5
before-runs,250x70-solid,6218,92.451,write_us,34346,1013,26,1110,1415,53345,2208
before-runs,250x70-solid,6219,102.38,write_us,34344,1011,24,1003,1704,63031,2273
before-runs,250x70-solid,6220,82.096,write_us,34342,1008,28,1018,1488,45214,6
before-runs,250x70-solid,7492,60.578,write_us,17677,1010,13,1008,1077,38698,2105
before-runs,250x70-solid,7501,35.167,write_us,15477,1011,15,1032,790,15715,2138
before-runs,250x70-solid,7502,39.892,write_us,17211,544,15,1226,1028,20404,7
before-runs,250x70-solid,7514,36.687,write_us,17675,1009,16,1005,957,15887,1145
before-runs,250x70-solid,7515,38.771,write_us,17106,440,15,1003,1066,18424,1156
before-runs,250x70-solid,7516,48.471,write_us,17019,354,15,1093,1148,26925,2269
before-runs,250x70-solid,7517,33.356,write_us,17096,430,15,1012,1339,13594,299
before-runs,250x70-solid,7528,53.663,write_us,17677,1010,15,1209,1130,31355,2276
before-runs,250x70-solid,7529,46.164,write_us,17435,768,16,1079,1277,24073,2283
before-runs,250x70-solid,7530,49.616,write_us,17282,617,16,1009,1110,29056,1142
before-runs,250x70-solid,7531,42.637,write_us,17676,1010,19,1060,1190,21517,1174
before-runs,250x70-solid,7532,45.529,write_us,17521,854,17,1382,1218,24289,1102
before-runs,250x70-solid,8420,33.428,wait/deadline wake,29808,15876,13,1358,1461,782,5
before-runs,250x70-solid,9224,38.337,write_us,16758,91,17,1081,1307,18593,581
before-runs,250x70-solid,9260,64.023,write_us,17041,375,20,2605,1890,40900,1565
before-runs,250x70-solid,9261,47.793,write_us,18388,1722,24,1112,1647,25932,689
before-runs,250x70-solid,9262,37.804,write_us,17389,723,18,1165,1374,17746,111
before-runs,250x70-solid,9271,40.403,write_us,17290,624,17,2277,1286,18658,873
before-runs,250x70-solid,9272,64.851,write_us,18405,1738,62,2801,1449,39426,2707
before-runs,250x70-solid,9273,81.366,write_us,21352,4686,26,1037,1716,55877,1357
before-runs,250x70-solid,9274,67.055,write_us,17155,489,30,1206,1576,46534,553
before-runs,250x70-solid,9275,65.247,write_us,18758,2091,29,1033,1852,43288,286
before-runs,250x70-solid,9276,120.189,write_us,18848,2182,26,3558,1389,96173,194
before-runs,250x70-solid,9277,50.494,write_us,18926,2259,36,1168,2004,26612,1748
before-runs,250x70-solid,9278,47.709,write_us,18888,2222,20,1406,1165,24328,1902
before-runs,250x70-solid,9283,64.557,write_us,18210,1543,20,1184,1766,42173,1204
before-runs,250x70-solid,9284,77.296,write_us,18093,1426,28,1257,1848,53815,2254
before-runs,250x70-solid,9285,62.437,write_us,20215,3548,26,1103,1584,34784,4725
before-runs,250x70-solid,9286,59.663,write_us,19090,2424,27,1106,1324,37470,645
before-runs,250x70-solid,9287,50.266,write_us,17729,1062,25,1145,1413,29023,930
before-runs,250x70-solid,9288,65.029,write_us,18741,2075,26,1089,1701,41824,1647
before-runs,250x70-solid,9289,51.346,write_us,18181,1515,26,2022,2228,25365,3523
before-runs,250x70-solid,9290,51.292,write_us,18321,1654,26,1023,1256,30065,600
before-runs,250x70-solid,9291,37.102,write_us,17163,496,25,1033,1182,17287,412
before-runs,250x70-solid,9296,47.91,write_us,18029,1363,19,1076,1167,23568,4050
before-runs,250x70-solid,9297,52.28,write_us,18331,1665,28,1040,1247,31228,405
before-runs,250x70-solid,9298,50.747,write_us,18609,1943,23,1400,1540,28870,303
before-runs,250x70-solid,9299,45.117,write_us,17458,792,20,1061,1773,23718,1086
before-runs,250x70-solid,9300,50.201,write_us,18541,1874,91,1500,1293,27794,981
before-runs,250x70-solid,9301,60.131,write_us,18513,1848,22,1219,1317,37832,1226
before-runs,250x70-solid,9302,42.13,write_us,17187,526,24,1052,1741,20111,2008
before-runs,250x70-solid,9303,41.048,write_us,17747,1083,19,1066,1322,19815,1076
before-runs,250x70-solid,9304,44.106,write_us,18062,1396,22,1036,1259,22562,1164
before-runs,250x70-solid,9305,47.657,write_us,18419,1752,21,1145,1128,25195,1749
before-runs,250x70-solid,9306,85.284,write_us,17667,1001,24,1097,2276,61872,2347
before-runs,250x70-solid,9307,71.998,write_us,18158,1492,29,1212,1695,49676,1228
before-runs,250x70-solid,9308,60.131,write_us,18029,1364,27,2056,1506,38003,508
before-runs,250x70-solid,9309,62.538,write_us,17782,1116,342,1759,1394,40577,683
before-runs,250x70-solid,9310,130.463,wait/deadline wake,28743,12077,24,2882,1690,90072,7051
before-runs,250x70-solid,9311,53.871,write_us,18017,1351,38,1079,2336,32065,335
before-runs,250x70-solid,9312,42.742,write_us,18323,1657,177,1194,2079,20506,462
before-runs,250x70-solid,9315,68.0,write_us,17278,612,21,1070,1548,45777,2305
before-runs,250x70-solid,9316,60.453,write_us,17676,1010,14,402,1646,40708,6
before-runs,250x70-solid,9337,34.426,write_us,14639,971,12,1029,762,15712,2271
before-runs,250x70-solid,9338,56.199,write_us,17231,565,30,1047,1072,34527,2291
before-runs,250x70-solid,9339,69.097,write_us,16755,89,23,1026,1475,47546,2272
before-runs,250x70-solid,9340,38.829,write_us,17680,1013,27,1033,1553,18528,8
before-runs,250x70-solid,9358,57.083,write_us,17674,1008,17,1030,1116,34969,2276
before-runs,250x70-solid,9359,48.446,write_us,17363,697,24,1015,1355,27539,1150
before-runs,250x70-solid,9360,59.807,write_us,17436,770,23,455,1428,38207,2257
before-runs,250x70-solid,9361,45.262,write_us,17675,1009,23,1073,1245,24091,1154
before-runs,250x70-solid,9362,45.77,write_us,17674,1009,18,1074,1112,23675,2215
before-runs,250x70-solid,9363,57.883,write_us,17405,740,22,1034,1064,36080,2276
before-runs,250x70-solid,9364,41.686,write_us,17677,1011,19,1068,1394,21522,5
before-runs,250x70-solid,9367,34.937,write_us,14051,1102,14,1505,834,16232,2299
before-runs,250x70-solid,9368,42.749,write_us,17216,550,30,1137,1124,23234,6
before-runs,250x70-solid,9369,43.296,write_us,18034,1368,44,2237,1117,20767,1097
before-runs,250x70-solid,9370,42.93,write_us,17135,470,20,1172,1207,21114,2279
before-runs,250x70-solid,9371,54.211,write_us,17677,1011,21,1034,1194,31997,2286
before-runs,250x70-solid,9372,63.515,write_us,17432,765,21,1062,1317,41396,2286
before-runs,250x70-solid,9378,51.346,write_us,17675,1009,17,1023,1146,29212,2271
before-runs,250x70-solid,9379,38.121,write_us,17592,926,21,1083,1174,18244,6
before-runs,250x70-solid,9383,79.767,write_us,34274,941,36,1199,1282,40690,2286
before-runs,250x70-solid,9384,82.002,write_us,33938,605,69,1073,1351,45553,18
before-runs,250x70-solid,9677,90.389,write_us,34558,1226,24,2223,1642,51936,5
before-runs,250x70-solid,9873,92.669,write_us,34214,881,10,391,1602,53571,2880
before-runs,250x70-solid,9874,106.932,write_us,34343,1011,27,1048,1548,67592,2372
before-runs,250x70-solid,9875,102.629,write_us,34882,1550,26,1180,1590,63802,1148
before-runs,250x70-solid,9951,77.287,write_us,34094,761,19,621,1158,40231,1163
before-runs,250x70-solid,9970,84.404,write_us,34342,1009,22,1120,1218,45127,2574
before-runs,250x70-solid,9971,74.844,write_us,34152,820,26,1022,1215,38421,6
before-runs,250x70-solid,9991,77.326,write_us,2205,1512,16,541,1316,70614,2634
before-runs,250x70-solid,9992,124.965,write_us,34425,1093,29,1051,1563,87655,240
before-runs,250x70-solid,9995,73.508,write_us,29184,3289,17,1238,1074,39448,2547
before-runs,250x70-solid,9996,78.165,write_us,34051,718,19,1122,1321,39346,2305
before-runs,250x70-solid,9997,86.49,write_us,34343,1011,25,1059,1209,47570,2283
before-runs,250x70-solid,9998,84.363,write_us,33808,475,24,619,1268,47430,1213
before-runs,250x70-solid,9999,122.19,write_us,35068,1735,23,1209,1388,82467,2034
before-runs,250x70-solid,10000,100.481,write_us,34260,927,14,436,1478,61992,2300
before-runs,250x70-solid,10001,116.409,write_us,34363,1031,201,1193,1418,74544,4688
before-runs,250x70-solid,10002,99.725,write_us,34347,1015,16,416,1689,60982,2273
before-runs,250x70-solid,10003,119.026,write_us,35314,1981,12,404,1836,78772,2687
before-runs,250x70-solid,10009,67.011,write_us,30764,1280,16,1070,1274,31594,2292
before-runs,250x70-solid,10010,110.446,write_us,45554,12221,9,399,1237,60122,3124
before-runs,250x70-solid,10011,103.032,write_us,34528,1195,27,1060,1618,62509,3289
before-runs,250x70-solid,10015,138.995,write_us,31459,4339,12,802,983,105586,153
before-runs,250x70-solid,10018,133.922,write_us,36172,2839,14,665,1451,91640,3979
before-runs,250x70-solid,10019,145.724,write_us,36255,2922,34,1043,1732,106533,126
before-runs,250x70-solid,10036,75.867,write_us,1910,1635,17,1242,947,64131,7618
before-runs,250x70-solid,10037,89.797,wait/deadline wake,50015,16681,31,6641,1312,31769,29
before-runs,250x70-solid,10048,69.714,write_us,28779,962,15,1122,1156,34758,3883
before-runs,250x70-solid,10049,111.043,write_us,39016,5682,11,1252,1399,66909,2456
before-runs,250x70-solid,10050,101.341,write_us,35664,2332,134,2386,3387,59201,567
before-runs,250x70-solid,10053,86.957,write_us,32275,1034,16,1550,1213,47467,4435
before-runs,250x70-solid,10055,116.612,write_us,16504,5461,19,743,10239,79655,9451
before-runs,250x70-solid,10056,138.888,write_us,34074,742,45,1115,2038,100556,1059
before-runs,250x70-solid,10057,117.018,write_us,35032,1700,33,1358,2263,76600,1730
before-runs,250x70-solid,10058,170.231,write_us,35788,2455,32,2361,19630,110885,1534
before-runs,250x70-solid,10059,124.112,write_us,35931,2598,35,809,2997,84286,53
before-runs,250x70-solid,10060,80.944,write_us,33777,445,28,1628,1713,43788,8
before-runs,250x70-solid,10061,168.905,write_us,48041,14708,27,1121,1614,107486,10615
before-runs,250x70-solid,10062,237.627,write_us,40671,7339,37,1412,2695,185596,7215
before-runs,250x70-solid,10063,202.086,write_us,34685,1353,880,2966,7292,153327,2934
before-runs,250x70-solid,10068,68.693,write_us,30355,600,14,959,968,34125,2270
before-runs,250x70-solid,10069,80.341,write_us,34342,1009,23,921,1440,43607,7
before-runs,250x70-solid,10070,75.369,write_us,34146,818,24,1059,1441,37547,1147
before-runs,250x70-solid,10092,107.739,write_us,37553,4221,16,418,2374,63576,3801
before-runs,250x70-solid,10093,101.585,write_us,33877,544,23,1087,2055,62102,2440
before-runs,250x70-solid,10094,98.243,write_us,34056,722,15,406,2540,59558,1668
before-runs,250x70-solid,10095,84.123,write_us,34608,1275,26,1151,1514,45677,1146
before-runs,250x70-solid,10096,96.142,write_us,33609,277,22,1201,1423,57602,2283
before-runs,250x70-solid,10114,95.772,write_us,39690,6358,26,1164,2094,50711,2085
before-runs,250x70-solid,10115,73.926,write_us,34532,1199,24,1136,1737,35654,842
before-runs,250x70-solid,10116,71.722,write_us,35040,1707,22,1545,1591,32288,1235
before-runs,250x70-solid,10128,81.031,write_us,34995,1662,20,1122,1910,41140,1842
before-runs,250x70-solid,10129,96.293,write_us,33500,168,13,416,1513,57794,3056
before-runs,250x70-solid,10130,112.641,write_us,34617,1284,28,1085,1506,73220,2185
before-runs,250x70-solid,10134,94.443,write_us,37848,10004,16,1277,1200,51604,2497
before-runs,250x70-solid,10135,97.918,write_us,34386,1053,25,948,1712,58647,2199
before-runs,250x70-solid,10136,109.894,write_us,33621,288,24,2457,1656,69408,2728
before-runs,250x70-solid,10146,73.333,write_us,29327,736,14,1201,1108,39041,2641
before-runs,250x70-solid,10147,76.78,write_us,36355,3022,13,401,1413,36158,2439
before-runs,250x70-solid,10176,73.237,write_us,34395,1063,20,1085,1317,35206,1212
before-runs,250x70-solid,10356,91.509,write_us,34275,942,20,1175,1403,52364,2271
before-runs,250x70-solid,10374,77.935,write_us,34342,1010,26,1119,1780,40340,326
before-runs,250x70-solid,10383,73.909,write_us,34344,1011,25,1071,1864,35503,1101
before-runs,250x70-solid,10384,96.346,write_us,34179,847,29,1219,1814,58805,298
before-runs,250x70-solid,10391,69.163,write_us,33628,295,24,1776,1910,31760,65
before-runs,250x70-solid,10411,101.387,write_us,34339,1010,23,1080,1542,62070,2328
before-runs,250x70-solid,10442,78.083,write_us,31809,1011,14,1113,1174,41687,2285
before-runs,250x70-solid,10443,83.144,write_us,34047,715,21,1108,1828,46131,7
before-runs,250x70-solid,10461,67.226,write_us,30670,827,18,1119,1206,31936,2275
before-runs,250x70-solid,10517,67.784,write_us,31445,858,10,1070,1050,31931,2276
before-runs,250x70-solid,10524,74.953,write_us,34189,856,34,1038,1325,38345,22
before-runs,250x70-solid,10527,67.384,write_us,31116,1010,15,1119,1110,31747,2276
before-runs,250x70-solid,10549,83.734,write_us,33860,528,17,1054,1226,47555,21
before-runs,250x70-solid,10560,68.732,write_us,31974,1011,14,1006,1017,32436,2284
before-runs,250x70-solid,10564,71.066,write_us,31028,1011,16,2607,1111,34020,2283
before-runs,250x70-solid,10593,78.517,write_us,29965,919,12,1024,1491,43709,2314
before-runs,250x70-solid,10594,69.537,write_us,34413,1079,20,1299,2701,31097,7
before-runs,250x70-solid,10614,108.658,write_us,34343,1011,17,1685,2072,69400,1140
before-runs,250x70-solid,10615,113.161,write_us,33492,159,21,1106,2202,74074,2266
before-runs,250x70-solid,10629,86.313,write_us,34343,1010,17,1003,1534,49406,10
before-runs,250x70-solid,10897,34.348,write_us,13329,3015,5,414,823,19067,710
before-runs,250x70-solid,10898,56.164,write_us,20287,3622,18,3985,1181,29791,900
before-runs,250x70-solid,10899,41.325,write_us,18190,1525,15,902,1148,20771,297
before-runs,250x70-solid,10911,34.939,write_us,17775,1110,7,419,1102,12993,2641
before-runs,250x70-solid,10912,76.782,write_us,19697,3031,8,394,10720,45458,504
before-runs,250x70-solid,10913,65.299,wait/deadline wake,28330,11663,20,1577,2324,32594,453
before-runs,250x70-solid,10914,39.003,write_us,17981,1316,8,1781,5897,12946,388
before-runs,250x70-solid,10927,42.304,write_us,17885,1219,16,1007,834,21957,603
before-runs,250x70-solid,10936,35.185,write_us,17677,1010,13,1158,1146,14749,441
before-runs,250x70-solid,10945,40.576,write_us,18332,1665,12,1014,931,18236,2050
before-runs,250x70-solid,10946,68.0,write_us,19824,3157,9,399,1080,45521,1167
before-runs,250x70-solid,10947,47.945,write_us,17678,1012,16,536,1190,28228,296
before-runs,250x70-solid,10952,57.999,write_us,18674,2009,13,1362,1122,34461,2365
before-runs,250x70-solid,10953,81.382,write_us,16952,286,17,695,1304,60449,1964
before-runs,250x70-solid,10954,69.06,write_us,17676,1010,19,2958,1270,43422,3714
before-runs,250x70-solid,10955,35.558,write_us,17025,360,17,1097,1175,15841,402
before-runs,250x70-solid,10962,92.103,write_us,18798,2132,16,1235,1100,67399,3554
before-runs,250x70-solid,10963,84.747,write_us,17699,1033,24,1180,1545,60782,3516
before-runs,250x70-solid,10968,36.131,write_us,14896,581,13,720,787,18562,1152
before-runs,250x70-solid,10969,66.461,write_us,19947,3281,12,1178,1059,40846,3418
before-runs,250x70-solid,10970,77.396,write_us,17535,1022,18,1067,1272,55738,1612
before-runs,250x70-solid,10971,33.639,write_us,17598,931,37,1125,1285,13550,44
before-runs,250x70-solid,10977,41.178,write_us,15495,1012,10,1014,722,20570,3366
before-runs,250x70-solid,10978,85.968,write_us,19050,2383,20,572,5714,57230,3382
before-runs,250x70-solid,10979,67.456,write_us,19494,2828,20,1055,1508,44683,695
before-runs,250x70-solid,10980,67.102,write_us,34076,743,17,1038,1339,29633,999
before-runs,250x70-solid,10981,86.247,write_us,34344,1011,18,828,2369,47171,1516
before-runs,250x70-solid,10982,77.02,write_us,36899,3566,15,1081,1391,35490,2143
before-runs,250x70-solid,10983,85.923,write_us,34343,1010,18,1024,1584,47798,1156
before-runs,250x70-solid,10984,69.401,write_us,34756,1424,12,1096,1375,30888,1273
before-runs,250x70-solid,10990,67.279,write_us,34644,1311,15,1025,1233,28915,1446
before-runs,250x70-solid,11005,94.181,write_us,34412,1079,17,1014,1170,55273,2295
before-runs,250x70-solid,11006,95.099,write_us,37003,3671,19,1072,1404,53291,2309
before-runs,250x70-solid,11024,77.315,write_us,33374,3636,13,1022,932,39152,2821
before-runs,250x70-solid,11914,199.517,wait/deadline wake,193559,179920,18,385,1694,3857,3
before-runs,250x70-solid,11923,36.294,wait/deadline wake,33663,18494,12,1237,1092,283,6
before-runs,250x70-solid,11992,54.472,wait/deadline wake,46603,33741,19,2089,4885,870,6
before-runs,250x70-solid,11998,56.772,write_us,16066,1141,13,1497,1293,37842,60
before-runs,250x70-solid,12001,36.113,wait/deadline wake,32735,19497,13,1291,842,1222,10
before-runs,250x70-solid,12419,84.334,wait/deadline wake,80240,66032,25,1489,989,1573,17
before-runs,250x70-solid,12502,41.735,wait/deadline wake,38286,32035,15,1408,816,1203,7
before-runs,250x70-solid,12505,68.398,wait/deadline wake,63681,48988,20,1284,1719,1683,11
before-runs,250x70-solid,13638,46.756,write_us,10733,2324,10,632,602,34033,745
before-runs,250x70-solid,13649,43.156,write_us,20413,3747,7,382,875,21189,289
before-runs,250x70-solid,13662,48.47,write_us,17345,680,11,1300,937,26024,2851
before-runs,250x70-solid,13663,49.721,write_us,18000,1334,16,1423,1153,26397,2731
before-runs,250x70-solid,13664,49.709,write_us,22087,5421,46,954,1116,25204,300
before-runs,250x70-solid,13671,47.757,write_us,21387,4721,12,402,1602,23780,574
before-runs,250x70-solid,13672,57.8,write_us,17684,1018,12,1072,1008,37066,956
before-runs,250x70-solid,13673,57.985,write_us,18532,1866,63,1197,1027,35999,1165
before-runs,250x70-solid,13674,38.9,write_us,18286,1622,9,436,1138,18439,589
before-runs,250x70-solid,13675,41.224,write_us,17459,793,15,947,1208,20429,1165
before-runs,250x70-solid,13676,57.525,write_us,18067,1400,18,1720,1208,32926,3586
before-runs,250x70-solid,13677,63.93,write_us,17484,818,18,1040,1145,41728,2513
before-runs,250x70-solid,13678,72.145,write_us,17442,776,18,678,1277,50041,2688
before-runs,250x70-solid,13679,47.191,write_us,17678,1012,22,985,1214,25979,1311
before-runs,250x70-solid,13680,54.784,write_us,17676,1009,16,1004,1492,31994,2602
before-runs,250x70-solid,13681,65.836,write_us,17676,1009,17,1043,1164,43648,2287
before-runs,250x70-solid,13682,61.662,write_us,16949,282,20,1092,1294,42282,24
before-runs,250x70-solid,13683,47.031,write_us,21283,4617,17,2768,1269,21575,118
before-runs,250x70-solid,13695,38.83,write_us,17676,1010,14,1160,1056,17751,1171
before-runs,250x70-solid,13696,75.74,write_us,16880,214,12,1119,999,53675,3054
before-runs,250x70-solid,13697,74.957,write_us,17557,890,20,1647,1176,54505,51
before-runs,250x70-solid,13707,57.08,write_us,13376,601,8,1485,780,36930,4500
before-runs,250x70-solid,13708,91.065,write_us,19903,3236,10,884,2120,66766,1381
before-runs,250x70-solid,13709,121.299,write_us,17677,1011,23,1176,1706,97577,3139
before-runs,250x70-solid,13710,59.045,write_us,19088,2421,23,845,1687,37370,31
before-runs,250x70-solid,13714,33.431,write_us,13964,592,15,1226,1206,15836,1183
before-runs,250x70-solid,13715,82.27,write_us,17679,1013,17,1037,1286,60115,2135
before-runs,250x70-solid,13716,107.152,write_us,17663,997,20,1723,1734,84866,1145
before-runs,250x70-solid,13717,61.498,write_us,17863,1197,25,1802,1998,38211,1598
before-runs,250x70-solid,13718,66.395,write_us,18490,1823,11,387,1567,45184,755
before-runs,250x70-solid,13719,56.148,write_us,17482,1011,16,1258,1906,34135,1155
before-runs,250x70-solid,13720,87.337,write_us,17464,797,16,1182,1390,62589,4695
before-runs,250x70-solid,13721,45.151,write_us,20319,3653,24,1064,1624,20657,1462
before-runs,250x70-solid,13726,46.196,write_us,13687,1016,11,1007,890,28322,2278
before-runs,250x70-solid,13727,38.37,write_us,17674,1008,17,1099,1412,18158,8
before-runs,250x70-solid,13751,41.742,write_us,15913,3048,10,4201,952,20068,597
before-runs,250x70-solid,13752,75.521,write_us,19339,2673,7,402,1462,50873,3437
before-runs,250x70-solid,13753,96.426,write_us,18386,1720,18,2208,1671,74100,42
before-runs,250x70-solid,13754,33.934,write_us,18457,1791,25,1046,2575,11825,5
before-runs,250x70-solid,13762,66.109,write_us,18288,6383,13,1134,1153,42911,2610
before-runs,250x70-solid,13763,105.161,write_us,18699,2033,32,659,1796,82734,1241
before-runs,250x70-solid,13764,44.069,write_us,17674,1008,12,845,1911,23170,456
before-runs,250x70-solid,13765,35.305,write_us,16949,282,7,400,1421,16220,308
before-runs,250x70-solid,13780,55.35,write_us,17841,1175,8,404,1279,34599,1217
before-runs,250x70-solid,13781,99.635,write_us,18343,1677,17,1184,1813,76072,2205
before-runs,250x70-solid,13782,65.335,write_us,18337,1671,15,1526,2067,43375,14
before-runs,250x70-solid,13785,59.979,write_us,15544,2036,9,2407,1002,38424,2592
before-runs,250x70-solid,13786,71.362,write_us,18080,1414,18,1255,2722,49145,141
before-runs,250x70-solid,13792,89.867,write_us,36852,3519,18,790,1786,49540,880
before-runs,250x70-solid,13793,84.759,write_us,36458,3136,19,1030,2012,45220,8
before-runs,250x70-solid,13800,98.14,write_us,22219,2143,13,1592,7347,62099,4869
before-runs,250x70-solid,13801,160.974,write_us,35640,2307,22,1145,2031,122131,5
before-runs,250x70-solid,13808,78.03,write_us,32352,3499,10,424,3334,40209,1700
before-runs,250x70-solid,13809,98.126,write_us,37559,4226,17,1071,1571,56649,1258
before-runs,300x90-braille,160,36.095,wait/deadline wake,31089,1013,12,3999,892,96,6
before-runs,300x90-braille,218,61.14,config save,12888,354,45314,2228,650,53,6
before-runs,300x90-braille,943,36.26,draw_us,19727,6811,8,13577,645,1689,612
before-runs,300x90-braille,1751,39.106,draw_us,18216,3604,9,19785,438,486,171
before-runs,300x90-braille,5182,34.192,write_us,13921,509,10,3328,760,15000,1173
before-runs,300x90-braille,5403,58.487,write_us,21146,4479,13,2512,725,34082,9
before-runs,300x90-braille,5411,46.952,write_us,19463,2797,15,5497,558,19939,1479
before-runs,300x90-braille,5412,56.876,write_us,19689,3022,13,2120,753,34291,10
before-runs,300x90-braille,5413,93.301,wait/deadline wake,33181,16515,303,19355,846,39523,92
before-runs,300x90-braille,5418,34.632,wait/deadline wake,31139,18693,11,2454,652,367,8
before-runs,300x90-braille,5419,110.562,write_us,18372,1706,11,3321,648,73914,14295
before-runs,300x90-braille,5420,165.82,draw_us,22472,5806,22,84834,3401,52782,2307
before-runs,300x90-braille,5421,34.057,preceding frame overrun / pacing,18281,1616,30,2415,1215,12108,6
before-runs,300x90-braille,5425,179.785,wait/deadline wake,67206,50540,21,7826,819,99484,4428
before-runs,300x90-braille,5426,78.021,write_us,20655,3989,26,3063,921,50093,3261
before-runs,300x90-braille,5427,111.996,wait/deadline wake,58986,42320,20,10504,825,38945,2715
before-runs,300x90-braille,5428,41.932,write_us,17661,995,17,2301,733,17356,3863
before-runs,300x90-braille,5429,46.131,write_us,18331,1664,16,2406,754,22273,2351
before-runs,300x90-braille,5444,69.791,write_us,21899,5233,44,4233,697,37122,5794
before-runs,300x90-braille,5445,50.934,write_us,19069,2403,17,2184,770,26557,2335
before-runs,300x90-braille,5446,51.002,write_us,18223,1557,16,3022,840,26442,2457
before-runs,300x90-braille,5447,44.984,write_us,20876,4210,15,3023,829,17954,2286
before-runs,300x90-braille,5448,37.454,write_us,17369,702,15,2436,825,14635,2174
before-runs,300x90-braille,5450,34.047,flush_us,3920,1254,11,4058,4750,9574,11733
before-runs,300x90-braille,5451,60.682,write_us,22995,6329,16,2586,699,32578,1807
before-runs,300x90-braille,5452,49.957,write_us,18743,2076,17,1838,1115,23119,5124
before-runs,300x90-braille,5453,36.74,write_us,20023,3358,16,2295,724,11544,2137
before-runs,300x90-braille,5459,100.827,diff_us,23443,6776,11,932,76221,213,7
before-runs,300x90-braille,5460,43.034,write_us,18143,1477,21,3064,857,19754,1194
before-runs,300x90-braille,5466,76.934,write_us,18502,1835,10,927,1302,48923,7270
before-runs,300x90-braille,5467,55.066,write_us,21743,5077,16,2216,869,28994,1228
before-runs,300x90-braille,5468,42.262,write_us,18302,1636,17,2351,784,18349,2458
before-runs,300x90-braille,5471,168.306,draw_us,10296,1145,13,128754,617,24892,3733
before-runs,300x90-braille,5472,120.233,preceding frame overrun / pacing,29670,13003,33,2384,1165,77940,9040
before-runs,300x90-braille,5473,57.59,write_us,17675,1010,13,1434,850,34981,2634
before-runs,300x90-braille,5474,62.062,write_us,19069,2403,17,1919,882,36795,3380
before-runs,300x90-braille,5481,49.228,wait/deadline wake,31354,14688,17,3491,11515,2842,8
before-runs,300x90-braille,5482,36.422,draw_us,18038,1372,16,12717,805,4834,10
before-runs,300x90-braille,5483,65.456,wait/deadline wake,25888,9222,16,25015,1627,12903,6
before-runs,300x90-braille,5484,41.634,preceding frame overrun / pacing,20270,3603,9,5409,840,15087,19
before-runs,300x90-braille,5485,34.466,draw_us,17776,1110,847,7735,2636,5462,9
before-runs,300x90-braille,5486,47.92,write_us,18358,1691,7,1728,710,21786,5331
before-runs,300x90-braille,5487,55.891,write_us,18058,1392,18,2323,730,31895,2866
before-runs,300x90-braille,5488,50.654,write_us,20281,3615,10,901,771,25413,3277
before-runs,300x90-braille,5489,33.427,write_us,18184,1518,14,3712,801,10614,101
before-runs,300x90-braille,5493,70.555,write_us,11562,3076,10,931,8343,49680,28
before-runs,300x90-braille,5494,71.784,tick_us,22148,5482,25253,19346,828,3918,291
before-runs,300x90-braille,5509,77.117,write_us,18599,8535,9,4034,557,36088,17830
before-runs,300x90-braille,5510,137.208,write_us,21526,4860,21,2178,15159,98305,18
before-runs,300x90-braille,5511,122.875,wait/deadline wake,26952,10286,28,4156,1029,83379,7330
before-runs,300x90-braille,5512,91.744,write_us,43830,10498,27,3273,2590,41556,467
before-runs,300x90-braille,5522,76.304,flush_us,31647,2115,13,2209,684,19907,21842
before-runs,300x90-braille,5527,136.173,diff_us,36433,9202,18,2286,54036,41135,2264
before-runs,300x90-braille,5535,87.587,write_us,15058,2161,14,2806,814,62549,6346
before-runs,300x90-braille,5540,76.03,write_us,35414,2082,17,10073,1503,28525,495
before-runs,300x90-braille,5549,94.673,write_us,43344,18369,15,2861,898,44128,3426
before-runs,300x90-braille,5550,68.181,write_us,37258,3925,22,2217,918,26619,1146
before-runs,300x90-braille,5558,86.39,write_us,40606,7273,22,3180,1198,41371,12
before-runs,300x90-braille,5565,81.572,write_us,28244,1010,13,2156,4873,39906,6380
before-runs,300x90-braille,5566,90.442,write_us,41282,7949,18,4131,919,43326,765
before-runs,300x90-braille,5570,106.879,write_us,29064,4546,13,5310,785,71109,597
before-runs,300x90-braille,5571,77.11,write_us,38130,4797,25,4922,9860,23932,240
before-runs,300x90-braille,5574,98.782,write_us,39183,8755,17,6199,750,42714,9918
before-runs,300x90-braille,5579,68.536,write_us,27850,3606,14,5967,5839,28853,12
before-runs,300x90-braille,5585,95.471,write_us,34797,22279,16,11725,877,47422,633
before-runs,300x90-braille,5592,88.988,write_us,34401,1068,17,7076,2400,35897,9196
before-runs,300x90-braille,5594,66.924,write_us,8957,1024,9,2481,2018,42970,10489
before-runs,300x90-braille,5595,217.461,write_us,41412,8079,19,3613,1091,168077,3248
before-runs,300x90-braille,5603,155.467,write_us,35965,2632,14,7176,978,106947,4386
before-runs,300x90-braille,5604,103.524,wait/deadline wake,54941,21608,28,3889,1254,40887,2524
before-runs,300x90-braille,5607,117.576,write_us,38032,9657,11,4691,856,62935,11051
before-runs,300x90-braille,5611,107.374,write_us,14052,1069,13,2436,25592,65274,5
before-runs,300x90-braille,5616,82.229,write_us,33208,4808,11,2212,822,42342,3634
before-runs,300x90-braille,5621,85.254,write_us,33957,6351,13,2569,796,45531,2387
before-runs,300x90-braille,5622,72.991,write_us,34265,932,17,2934,988,32529,2257
before-runs,300x90-braille,5623,144.847,write_us,39306,5974,15,2705,6239,95912,668
before-runs,300x90-braille,5627,130.209,write_us,33408,6296,10,3072,736,88694,4288
before-runs,300x90-braille,5633,71.508,write_us,10770,6406,12,2946,777,47351,9643
before-runs,300x90-braille,5634,122.728,write_us,36552,3221,19,3168,926,77941,4119
before-runs,300x90-braille,5635,76.474,write_us,35856,2524,119,1238,1105,37758,396
before-runs,300x90-braille,5652,127.069,write_us,37527,14616,12,21145,1218,54997,12168
before-runs,300x90-braille,5658,83.178,write_us,36632,3300,20,4969,2705,36502,2348
before-runs,300x90-braille,5672,144.413,write_us,43102,14798,13,3842,713,96535,207
before-runs,300x90-braille,5682,101.019,write_us,23886,763,14,2180,1156,62389,11392
before-runs,300x90-braille,5691,75.941,write_us,41730,8398,17,1958,739,31485,11
before-runs,300x90-braille,5695,94.172,write_us,22914,8266,12,3271,632,60057,7285
before-runs,300x90-braille,5708,142.661,write_us,41573,18071,12,3375,885,86112,10703
before-runs,300x90-braille,5712,149.835,write_us,37845,11426,15,3162,908,99961,7943
before-runs,300x90-braille,5713,74.792,write_us,34650,1317,26,6279,1835,31994,7
before-runs,300x90-braille,5714,169.935,write_us,44623,11290,17,2163,860,117484,4787
before-runs,300x90-braille,5720,126.068,write_us,30264,3779,16,7716,559,80238,7271
before-runs,300x90-braille,5725,113.414,write_us,32676,4352,12,4110,747,53818,22050
before-runs,300x90-braille,5730,95.668,write_us,32017,8477,10,11600,1544,45232,5264
before-runs,300x90-braille,5735,78.587,write_us,14871,4201,10,2270,930,48674,11832
before-runs,300x90-braille,5736,78.143,write_us,46533,13200,23,2488,3458,21844,3796
before-runs,300x90-braille,5746,127.4,write_us,38769,5435,69,2960,1730,75060,8812
before-runs,300x90-braille,5750,94.583,write_us,21691,666,13,3566,9113,57607,2593
before-runs,300x90-braille,5751,80.235,write_us,41825,8492,22,2819,942,32543,2083
before-runs,300x90-braille,5761,70.719,write_us,25683,4928,13,3346,2213,34589,4873
before-runs,300x90-braille,5764,79.454,write_us,35761,10533,13,3285,776,37545,2073
before-runs,300x90-braille,5765,69.84,write_us,41197,7864,14,3867,815,23363,583
before-runs,300x90-braille,5771,86.2,write_us,39637,6305,20,2274,909,41034,2324
before-runs,300x90-braille,5773,124.967,write_us,39341,14328,18,2971,20228,45872,16535
before-runs,300x90-braille,5778,70.917,write_us,39688,13090,15,3270,724,23513,3707
before-runs,300x90-braille,5779,80.292,write_us,37090,3757,15,1570,761,38614,2242
before-runs,300x90-braille,5786,132.122,write_us,43258,9926,19,2644,997,84243,960
before-runs,300x90-braille,5789,125.978,write_us,45570,12238,18,2292,1283,76614,199
before-runs,300x90-braille,5792,82.459,write_us,31006,8117,14,2215,1052,47839,332
before-runs,300x90-braille,5793,77.995,write_us,36354,3021,19,4133,2134,34548,806
before-runs,300x90-braille,5796,71.812,write_us,24993,377,9,2357,815,37619,6018
before-runs,300x90-braille,5797,96.388,write_us,35828,2495,18,2265,1647,54954,1675
before-runs,300x90-braille,5805,111.979,write_us,34559,1226,15,2619,1141,69601,4043
before-runs,300x90-braille,5944,67.265,write_us,34643,5965,15,2709,9771,18752,1374
before-runs,300x90-braille,5945,83.778,write_us,35456,2124,17,2389,957,37686,7272
before-runs,300x90-braille,5960,69.513,write_us,36507,3175,16,8543,2632,19614,2200
before-runs,300x90-braille,5961,97.369,write_us,35676,2344,14,14541,909,45371,857
before-runs,300x90-braille,5962,68.512,write_us,35332,2000,238,2903,2472,25700,1865
before-runs,300x90-braille,5963,69.874,write_us,38668,5335,19,3153,890,24213,2930
before-runs,300x90-braille,5964,66.747,write_us,35519,2186,19,2964,883,26834,527
before-runs,300x90-braille,7687,40.349,write_us,17561,895,19,2215,892,17630,2031
before-runs,300x90-braille,7688,39.99,write_us,17468,803,20,1347,838,18040,2276
before-runs,300x90-braille,7697,41.451,write_us,17263,597,123,3143,831,17818,2271
before-runs,300x90-braille,7698,33.477,write_us,17679,1012,21,3361,865,11543,7
before-runs,300x90-braille,7715,36.238,write_us,17677,1011,19,2204,790,15249,298
before-runs,300x90-braille,7727,41.285,write_us,17564,897,16,2118,934,18383,2270
before-runs,300x90-braille,9467,36.534,write_us,10697,678,175,4624,1578,16759,2700
before-runs,300x90-braille,9468,53.104,write_us,19217,2551,15,2094,1426,25877,4475
before-runs,300x90-braille,9469,44.367,write_us,18624,1958,85,2368,1176,20037,2076
before-runs,300x90-braille,9475,33.413,write_us,11415,1013,14,2398,1162,17566,857
before-runs,300x90-braille,9476,36.997,write_us,18202,1536,15,2702,1287,14289,501
before-runs,300x90-braille,9477,41.938,write_us,19208,2541,13,2279,1126,11048,8264
before-runs,300x90-braille,9478,45.944,write_us,17844,1178,21,2106,1323,22805,1843
before-runs,300x90-braille,9479,54.563,write_us,17365,699,20,2640,1789,31808,939
before-runs,300x90-braille,9480,63.863,write_us,19389,2722,63,2521,1038,38141,2711
before-runs,300x90-braille,9481,42.735,write_us,18402,1736,22,2099,1122,20228,861
before-runs,300x90-braille,9482,55.03,write_us,21729,5063,20,2896,2010,27387,986
before-runs,300x90-braille,9483,42.859,write_us,18232,1566,19,3208,1012,17175,3211
before-runs,300x90-braille,9486,61.681,write_us,19672,9385,15,2365,1018,31109,7501
before-runs,300x90-braille,9487,46.163,write_us,21754,5088,19,2291,960,20658,480
before-runs,300x90-braille,9497,39.898,write_us,19139,2473,14,2379,1120,13738,3506
before-runs,300x90-braille,9498,50.376,write_us,18922,2256,17,2045,1700,26047,1644
before-runs,300x90-braille,9499,59.028,write_us,23626,6960,22,2345,3965,27586,1482
before-runs,300x90-braille,9500,49.065,write_us,17950,1285,18,2444,1219,26072,1360
before-runs,300x90-braille,9501,50.173,write_us,21030,4364,65,2429,1032,24710,906
before-runs,300x90-braille,9502,42.693,write_us,19560,2894,19,3685,4002,13376,2050
before-runs,300x90-braille,9503,38.3,write_us,18872,2207,15,2280,1137,15183,811
before-runs,300x90-braille,9504,47.964,write_us,18461,1796,16,2095,927,25276,1187
before-runs,300x90-braille,9505,44.667,write_us,17693,1026,18,2467,1145,21246,2098
before-runs,300x90-braille,9506,41.438,write_us,18619,1953,15,2205,1048,19103,447
before-runs,300x90-braille,9507,34.495,write_us,18571,1905,16,2179,940,12341,447
before-runs,300x90-braille,9517,42.969,write_us,19338,2672,12,876,1056,21074,612
before-runs,300x90-braille,9518,44.416,write_us,18182,1516,15,2365,1074,22252,527
before-runs,300x90-braille,9521,39.881,write_us,17843,1177,13,2393,1017,17520,1094
before-runs,300x90-braille,9522,39.33,write_us,17303,637,18,2233,944,17605,1226
before-runs,300x90-braille,9523,39.412,write_us,17737,1071,14,2546,1387,16918,809
before-runs,300x90-braille,9524,35.908,write_us,17679,1012,16,2229,1021,14212,750
before-runs,300x90-braille,9525,33.463,write_us,17744,1077,15,2230,2368,10173,933
before-runs,300x90-braille,9532,51.705,write_us,17931,1264,15,2494,1124,27751,2390
before-runs,300x90-braille,9533,56.883,write_us,17884,1218,18,2278,1505,33945,1252
before-runs,300x90-braille,9537,35.671,write_us,17140,474,16,2178,936,15051,349
before-runs,300x90-braille,9538,37.256,write_us,18237,1570,15,2059,1101,14690,1153
before-runs,300x90-braille,9539,81.731,wait/deadline wake,32755,16090,19,1697,1143,43470,2646
before-runs,300x90-braille,9540,63.125,write_us,18558,1893,22,2532,5752,35702,557
before-runs,300x90-braille,9548,47.765,write_us,19292,2626,16,2845,1116,22016,2479
before-runs,300x90-braille,9549,49.62,write_us,17947,1281,19,2484,1458,25445,2266
before-runs,300x90-braille,9572,45.376,write_us,17580,914,16,2104,929,22448,2297
before-runs,300x90-braille,9573,46.463,write_us,17413,747,10,864,835,25037,2303
before-runs,300x90-braille,9574,45.033,write_us,16843,177,14,1790,870,25500,14
before-runs,300x90-braille,9575,38.439,write_us,17676,1010,13,1548,854,18342,6
before-runs,300x90-braille,9595,45.663,write_us,17551,885,14,2303,905,22625,2264
before-runs,300x90-braille,9596,35.442,write_us,17715,1049,15,2843,1070,12649,1149
before-runs,300x90-braille,9597,47.563,write_us,16974,308,13,2339,985,24968,2283
before-runs,300x90-braille,9598,35.774,write_us,17676,1010,15,2097,924,13864,1197
before-runs,300x90-braille,9599,34.101,write_us,17216,550,17,2151,899,12671,1146
before-runs,300x90-braille,9600,42.485,write_us,17702,1037,17,2161,916,19413,2274
before-runs,300x90-braille,9601,52.17,write_us,16718,52,14,2135,1006,30018,2277
before-runs,300x90-braille,9606,49.624,write_us,16832,165,15,2236,1126,27037,2378
before-runs,300x90-braille,9612,50.444,write_us,17675,1009,16,2238,986,27255,2273
before-runs,300x90-braille,9613,56.427,write_us,17678,1012,19,2176,1133,33283,2137
before-runs,300x90-braille,9618,35.777,write_us,14546,1910,9,2173,763,15979,2305
before-runs,300x90-braille,9619,48.806,write_us,17745,1079,17,2228,1175,25351,2289
before-runs,300x90-braille,9620,38.375,write_us,16943,277,14,2214,991,18203,8
before-runs,300x90-braille,9919,78.322,write_us,33477,144,20,2204,1228,38593,2799
before-runs,300x90-braille,9923,67.022,write_us,30796,1252,11,2192,1041,30745,2236
before-runs,300x90-braille,10230,71.007,write_us,33616,284,21,2131,1050,31908,2279
before-runs,300x90-braille,10250,89.095,write_us,34417,1083,12,874,1064,50451,2277
before-runs,300x90-braille,10251,94.516,write_us,35246,1913,21,2276,1131,55631,210
before-runs,300x90-braille,10255,69.787,write_us,34273,941,21,1668,1111,30409,2304
before-runs,300x90-braille,10256,72.005,write_us,34342,1010,12,931,977,32969,2773
before-runs,300x90-braille,10257,73.116,write_us,34363,1030,107,2130,1136,33019,2361
before-runs,300x90-braille,10261,70.821,write_us,34438,1105,11,1660,1278,31117,2316
before-runs,300x90-braille,10262,67.321,write_us,34229,897,22,1284,946,28503,2335
before-runs,300x90-braille,10263,74.772,write_us,34457,1125,21,972,1101,35903,2317
before-runs,300x90-braille,10264,73.254,write_us,36868,3535,19,3283,1281,30002,1800
before-runs,300x90-braille,10265,69.469,write_us,34343,1011,22,2491,1071,29443,2098
before-runs,300x90-braille,10266,66.822,write_us,34017,685,19,2294,940,27099,2451
before-runs,300x90-braille,10267,84.479,write_us,34345,1013,19,2180,917,44699,2318
before-runs,300x90-braille,10274,82.071,write_us,33219,11294,7,880,802,46266,896
before-runs,300x90-braille,10281,111.726,write_us,36042,9204,14,2112,1036,72167,354
before-runs,300x90-braille,10289,127.372,write_us,34767,1434,21,3611,1123,82756,5093
before-runs,300x90-braille,10295,69.032,write_us,30896,5548,6,3394,1545,33181,10
before-runs,300x90-braille,10307,100.752,write_us,38552,5219,24,2398,1067,58307,404
before-runs,300x90-braille,10319,81.806,write_us,26728,1877,13,2776,2437,41686,8166
before-runs,300x90-braille,10320,77.261,write_us,36246,2913,20,1141,1099,37114,1641
before-runs,300x90-braille,10321,68.44,write_us,36343,3010,337,2224,931,28595,8
before-runs,300x90-braille,10328,113.097,write_us,46416,13083,16,11185,920,50263,4296
before-runs,300x90-braille,10329,93.723,write_us,33531,199,52,2322,1180,53860,2776
before-runs,300x90-braille,10330,82.891,write_us,35652,2318,21,3854,1462,40372,1530
before-runs,300x90-braille,10331,111.285,write_us,39385,6053,25,3633,23420,41499,3321
before-runs,300x90-braille,10334,114.47,write_us,35878,2545,20,2934,1018,74155,465
before-runs,300x90-braille,10335,77.216,write_us,34378,1046,25,2261,1372,38534,645
before-runs,300x90-braille,10336,126.42,write_us,37309,3976,24,2405,1341,83273,2066
before-runs,300x90-braille,10337,157.582,write_us,37164,3832,24,2381,1702,113264,3045
before-runs,300x90-braille,10338,144.546,write_us,35891,2559,1911,2744,1158,96377,6464
before-runs,300x90-braille,10339,149.081,write_us,40620,7289,29,24275,2521,77924,3709
before-runs,300x90-braille,10340,75.647,write_us,36101,2768,15,2719,1149,33094,2568
before-runs,300x90-braille,10407,67.531,write_us,34355,1022,10,1244,1644,27654,2623
before-runs,300x90-braille,10437,69.082,write_us,34434,1102,18,2991,1206,28133,2299
before-runs,300x90-braille,10441,67.174,write_us,34371,1038,23,3815,991,27960,14
before-runs,300x90-braille,10735,80.767,write_us,34022,689,20,2304,1278,40556,2586
before-runs,300x90-braille,11275,48.186,write_us,22037,5371,21,1656,731,22386,1354
before-runs,300x90-braille,11276,35.163,write_us,17893,1226,19,2256,917,13462,615
before-runs,300x90-braille,11289,33.846,write_us,18244,1578,9,895,1214,10721,2762
before-runs,300x90-braille,11290,60.249,write_us,21903,5237,10,890,4150,30349,2945
before-runs,300x90-braille,11291,73.688,wait/deadline wake,26035,9368,21,8954,2110,36250,318
before-runs,300x90-braille,11292,44.452,wait/deadline wake,25407,8741,418,1529,13839,2999,259
before-runs,300x90-braille,11325,35.614,write_us,18677,2011,11,2934,795,12480,715
before-runs,300x90-braille,11338,58.749,write_us,19179,2514,8,905,934,33984,3737
before-runs,300x90-braille,11339,73.055,write_us,17726,1061,11,1382,1322,48615,3998
before-runs,300x90-braille,11340,59.024,write_us,17722,1056,18,2600,2022,34151,2510
before-runs,300x90-braille,11348,94.05,write_us,18621,1954,15,2195,1084,69946,2188
before-runs,300x90-braille,11349,82.849,write_us,19279,2614,275,1309,1061,55689,5234
before-runs,300x90-braille,11357,62.212,write_us,17354,688,20,1819,980,37818,4220
before-runs,300x90-braille,11358,60.525,write_us,23708,7042,20,2356,1075,28704,4661
before-runs,300x90-braille,11366,36.298,write_us,15024,1009,7,885,745,16265,3372
before-runs,300x90-braille,11367,71.499,write_us,18984,2318,18,2020,7374,39586,3516
before-runs,300x90-braille,11368,59.733,write_us,17218,552,12,905,1018,38306,2274
before-runs,300x90-braille,11369,36.301,write_us,17937,1271,19,1162,1176,14164,1843
before-runs,300x90-braille,11370,34.358,write_us,17440,774,15,1121,1160,12843,1777
before-runs,300x90-braille,11371,40.742,write_us,17864,1197,15,2121,772,17878,2091
before-runs,300x90-braille,11372,41.97,write_us,18820,2154,10,1217,933,19164,1825
before-runs,300x90-braille,11373,35.201,write_us,18166,1500,10,1870,1080,13185,890
before-runs,300x90-braille,11374,36.363,write_us,19171,2505,12,1176,1162,13726,1115
before-runs,300x90-braille,11375,33.822,write_us,17052,386,14,2365,987,12078,1326
before-runs,300x90-braille,11376,41.766,write_us,17728,1061,8,875,726,19386,3042
before-runs,300x90-braille,11377,35.437,write_us,17678,1012,9,2427,1140,12935,1247
before-runs,300x90-braille,11378,33.365,write_us,17351,684,8,1195,774,12724,1313
before-runs,300x90-braille,11391,48.675,write_us,17046,379,16,2350,884,26825,1553
before-runs,300x90-braille,11392,35.188,write_us,17354,688,18,1413,828,14347,1227
before-runs,300x90-braille,11417,66.842,write_us,34344,1012,31,2439,1164,27633,1229
before-runs,300x90-braille,11418,88.748,write_us,33625,292,20,2970,1014,49824,1293
before-runs,300x90-braille,12320,198.224,wait/deadline wake,189544,176803,35,6690,1057,889,8
before-runs,300x90-braille,12329,35.925,wait/deadline wake,32510,17901,11,2480,818,98,7
before-runs,300x90-braille,12398,55.105,wait/deadline wake,46031,34081,15,2126,6851,75,6
before-runs,300x90-braille,12400,36.369,write_us,13265,1010,11,2802,734,19551,5
before-runs,300x90-braille,12403,47.124,wait/deadline wake,44419,30615,10,856,907,913,19
before-runs,300x90-braille,12406,35.328,wait/deadline wake,32667,19505,11,1833,522,283,11
before-runs,300x90-braille,12642,38.371,write_us,17677,1011,14,2034,782,15589,2275
before-runs,300x90-braille,12663,44.719,write_us,17533,867,15,2110,989,22924,1147
before-runs,300x90-braille,12679,34.996,draw_us,13535,1013,29,11354,2272,1797,6008
before-runs,300x90-braille,12818,73.925,wait/deadline wake,70481,58134,17,1820,601,908,98
before-runs,300x90-braille,12901,41.265,draw_us,6819,764,5,32212,387,1729,112
before-runs,300x90-braille,12904,68.09,wait/deadline wake,63707,49695,15,2534,1157,514,163
before-runs,300x90-braille,14139,45.11,write_us,18323,1657,32,2715,605,19629,3805
before-runs,300x90-braille,14140,54.049,write_us,18128,1462,10,2087,808,30263,2752
before-runs,300x90-braille,14153,73.929,write_us,20520,3854,10,815,584,31448,20550
before-runs,300x90-braille,14154,47.319,write_us,17684,1018,19,1235,1667,23853,2860
before-runs,300x90-braille,14155,44.127,write_us,20361,3694,13,2391,1194,17890,2278
before-runs,300x90-braille,14156,51.399,write_us,18356,1690,16,4674,717,27117,519
before-runs,300x90-braille,14157,55.08,write_us,23433,6767,9,818,679,29349,791
before-runs,300x90-braille,14167,65.591,write_us,17836,1170,16,14832,1324,26984,4599
before-runs,300x90-braille,14168,43.651,write_us,17014,352,19,1019,2934,21031,1629
before-runs,300x90-braille,14183,36.637,write_us,17952,1286,14,1021,724,15224,1701
before-runs,300x90-braille,14218,34.283,write_us,18691,4308,11,2120,427,11326,1708
before-runs,300x90-braille,14219,39.93,write_us,17586,919,10,2138,772,17459,1965
before-runs,300x90-braille,14220,40.641,write_us,17821,1154,15,2154,762,16265,3623
before-runs,300x90-braille,14221,56.148,write_us,17891,1226,14,3255,785,31195,3006
before-runs,300x90-braille,14222,33.353,write_us,18937,2271,16,1391,867,10716,1425
before-runs,300x90-braille,14233,40.207,write_us,18533,4673,10,2493,6667,9545,2958
before-runs,300x90-braille,14234,39.595,write_us,17676,1010,15,1993,619,16979,2312
before-runs,300x90-braille,14235,39.095,write_us,17677,1011,12,845,768,16640,3153
before-runs,300x90-braille,14236,37.803,write_us,17823,1157,10,842,695,16339,2093
before-runs,300x90-braille,14263,46.086,write_us,18461,1794,8,2319,678,22411,2209
before-runs,300x90-braille,14264,38.929,write_us,17547,881,17,950,682,17559,2172
before-runs,300x90-braille,14294,38.004,write_us,19554,7870,12,3267,784,11791,2596
before-runs,300x90-braille,14306,42.715,write_us,7882,1262,14,13924,393,20263,238
before-runs,300x90-braille,14318,51.354,write_us,21385,4719,14,2508,684,16803,9959
before-runs,300x90-braille,14319,40.616,write_us,17142,476,8,860,647,15249,6709
before-runs,300x90-braille,14337,40.171,write_us,20674,4011,14,1194,684,15208,2393
before-runs,300x90-solid,160,37.076,wait/deadline wake,31145,1010,14,2376,3154,381,6
before-runs,300x90-solid,218,59.077,config save,13302,1178,42069,1731,1773,194,6
before-runs,300x90-solid,942,35.789,write_us,12153,1098,7,4974,937,17396,319
before-runs,300x90-solid,1750,39.23,draw_us,18132,3345,14,17777,684,2610,13
before-runs,300x90-solid,4902,41.351,write_us,16845,178,18,1649,1511,20173,1155
before-runs,300x90-solid,4903,41.005,write_us,17202,536,13,1784,1349,19509,1147
before-runs,300x90-solid,4904,63.057,write_us,17126,459,17,1621,1480,40541,2272
before-runs,300x90-solid,4905,68.313,write_us,17623,958,19,1636,1815,44942,2276
before-runs,300x90-solid,4906,81.119,write_us,17702,1037,20,2331,2129,58926,9
before-runs,300x90-solid,4910,44.622,write_us,13515,1037,14,1974,1172,25619,2327
before-runs,300x90-solid,4911,66.699,write_us,17790,1125,16,1726,1420,43332,2413
before-runs,300x90-solid,4939,38.594,write_us,17207,541,10,1657,1219,18494,6
before-runs,300x90-solid,4943,33.755,write_us,13425,651,11,1847,1645,16526,300
before-runs,300x90-solid,4947,34.064,write_us,12871,53,17,1906,1060,15927,2282
before-runs,300x90-solid,4957,42.038,write_us,13921,1171,12,1951,1145,22731,2277
before-runs,300x90-solid,4990,42.123,write_us,17724,1058,14,2201,1359,19675,1148
before-runs,300x90-solid,4991,57.974,write_us,18631,1965,170,1947,1814,33126,2285
before-runs,300x90-solid,4992,75.901,write_us,16840,174,18,1675,1723,53287,2357
before-runs,300x90-solid,5014,38.022,write_us,14004,1127,16,4216,1402,16058,2325
before-runs,300x90-solid,5033,43.973,write_us,15929,2987,18,1869,1066,22809,2280
before-runs,300x90-solid,5048,68.799,write_us,17677,1011,14,1655,1591,45576,2285
before-runs,300x90-solid,5071,34.208,write_us,13510,646,14,1634,939,15832,2278
before-runs,300x90-solid,5074,34.168,write_us,14774,1772,7,3595,1000,11442,3349
before-runs,300x90-solid,5075,52.042,write_us,17676,1010,14,1762,1175,29164,2250
before-runs,300x90-solid,5076,57.041,write_us,17677,1012,17,1706,1243,34118,2278
before-runs,300x90-solid,5088,48.397,write_us,17907,1242,15,2271,1109,24905,2188
before-runs,300x90-solid,5089,62.977,write_us,18096,1431,108,6180,4646,31664,2281
before-runs,300x90-solid,5090,53.791,write_us,16823,157,16,1656,1363,33926,6
before-runs,300x90-solid,5124,40.272,write_us,14208,1141,10,2588,1647,20533,1286
before-runs,300x90-solid,5144,48.531,write_us,17634,968,14,1684,1121,25969,2108
before-runs,300x90-solid,5145,43.812,write_us,17675,1009,18,1702,1446,22963,6
before-runs,300x90-solid,5149,34.533,write_us,13885,1010,10,1748,1041,15573,2275
before-runs,300x90-solid,5150,52.426,write_us,17677,1011,15,1681,1240,31792,20
before-runs,300x90-solid,5160,50.715,write_us,17682,1015,11,4555,1299,24893,2274
before-runs,300x90-solid,5183,50.194,write_us,17677,1012,13,1827,1111,27283,2281
before-runs,300x90-solid,5184,41.27,write_us,17678,1011,16,1848,1299,20422,6
before-runs,300x90-solid,5228,51.095,write_us,17957,1291,13,1973,1215,27650,2286
before-runs,300x90-solid,5229,65.012,write_us,17653,988,15,1645,1445,41915,2337
before-runs,300x90-solid,5242,37.209,write_us,13505,1010,9,1723,1072,18128,2771
before-runs,300x90-solid,5245,38.093,write_us,14762,1025,10,1628,963,18436,2293
before-runs,300x90-solid,5258,40.836,write_us,14225,810,12,2898,1023,20389,2288
before-runs,300x90-solid,5267,39.845,write_us,14468,457,12,1816,1010,20263,2275
before-runs,300x90-solid,5270,34.573,write_us,13683,888,13,1658,917,16018,2283
before-runs,300x90-solid,5271,50.553,write_us,17656,990,13,1650,1766,27184,2283
before-runs,300x90-solid,5309,63.653,write_us,10886,1614,12,1806,1036,41224,8689
before-runs,300x90-solid,5314,34.089,write_us,15017,905,13,1943,695,14191,2229
before-runs,300x90-solid,5315,67.731,write_us,17741,1075,15,1846,1854,45321,953
before-runs,300x90-solid,5322,34.342,write_us,14279,5086,14,4357,867,13697,1128
before-runs,300x90-solid,5323,44.474,wait/deadline wake,37126,20460,27,3667,1260,1159,1234
before-runs,300x90-solid,5324,35.922,wait/deadline wake,25711,9045,10,7115,1309,1545,230
before-runs,300x90-solid,5325,40.503,wait/deadline wake,35122,18456,13,3265,1410,571,121
before-runs,300x90-solid,5326,238.913,wait/deadline wake,91236,74569,158,2304,2874,139760,2580
before-runs,300x90-solid,5327,68.141,write_us,22421,5755,27,3607,3264,38783,38
before-runs,300x90-solid,5328,62.888,write_us,18759,2093,17,1670,1632,32782,8027
before-runs,300x90-solid,5329,62.047,write_us,19288,2622,85,1820,1604,38106,1143
before-runs,300x90-solid,5330,99.423,write_us,20771,4105,18,1822,1647,59939,15225
before-runs,300x90-solid,5331,202.815,write_us,18583,1917,18,1735,7528,171521,3429
before-runs,300x90-solid,5332,105.685,write_us,17293,627,35,1644,2098,84592,21
before-runs,300x90-solid,5333,66.826,write_us,19479,2814,20,1645,1926,43510,244
before-runs,300x90-solid,5334,63.398,write_us,21312,4646,17,1923,1430,37946,769
before-runs,300x90-solid,5335,42.518,write_us,17789,1122,15,1832,1198,21371,313
before-runs,300x90-solid,5336,38.724,write_us,17754,1088,14,1682,1273,16805,1195
before-runs,300x90-solid,5337,55.984,write_us,21330,4664,16,1626,1609,28767,2635
before-runs,300x90-solid,5338,102.297,write_us,21083,4418,16,1756,1329,75741,2371
before-runs,300x90-solid,5339,100.497,write_us,18723,2058,25,1785,1871,75931,2160
before-runs,300x90-solid,5340,76.113,write_us,16890,224,23,1673,1819,55675,32
before-runs,300x90-solid,5341,123.225,write_us,18199,1532,21,5738,2613,92225,4429
before-runs,300x90-solid,5342,69.166,write_us,20104,3439,26,1765,1678,45585,6
before-runs,300x90-solid,5346,67.387,write_us,10832,9853,13,1901,1102,43882,9656
before-runs,300x90-solid,5347,127.074,wait/deadline wake,32443,15777,22,1638,29439,63506,25
before-runs,300x90-solid,5350,73.745,write_us,10938,575,9,2149,771,52248,7629
before-runs,300x90-solid,5351,121.185,wait/deadline wake,26259,9593,22,3124,5333,83838,2608
before-runs,300x90-solid,5352,48.712,write_us,20123,3458,25,1156,2910,23688,808
before-runs,300x90-solid,5353,120.95,write_us,20535,3868,17,2304,2068,89482,6543
before-runs,300x90-solid,5354,183.814,write_us,19595,2929,23,1617,1651,158129,2798
before-runs,300x90-solid,5355,112.088,write_us,17552,886,83,2105,1967,90374,6
before-runs,300x90-solid,5368,42.765,write_us,9988,1649,12,2286,5070,25403,4
before-runs,300x90-solid,5369,55.76,write_us,18564,1898,12,618,11386,25007,173
before-runs,300x90-solid,5370,35.158,write_us,18052,1386,17,2310,1938,10649,2191
before-runs,300x90-solid,5371,100.15,write_us,22162,5495,8,9950,3487,57200,7343
before-runs,300x90-solid,5372,81.017,write_us,19740,3075,20,2622,1674,55151,1808
before-runs,300x90-solid,5377,130.563,wait/deadline wake,44773,38408,15,21398,3447,60920,6
before-runs,300x90-solid,5386,44.612,write_us,17205,538,13,2948,1309,23131,5
before-runs,300x90-solid,5387,34.162,draw_us,18080,1414,376,6920,2857,5673,254
before-runs,300x90-solid,5388,145.97,wait/deadline wake,26035,9369,12,2373,4593,112798,158
before-runs,300x90-solid,5389,56.361,write_us,20398,3732,126,1780,2086,29641,2328
before-runs,300x90-solid,5393,118.3,write_us,19148,8046,12,1499,985,71973,24683
before-runs,300x90-solid,5394,92.9,write_us,34415,1084,14,972,2302,54535,660
before-runs,300x90-solid,5403,104.609,write_us,31317,2810,10,4076,11212,56062,1932
before-runs,300x90-solid,5404,108.168,write_us,41462,8129,25,1770,1926,62640,344
before-runs,300x90-solid,5406,122.01,write_us,35460,9643,13,3404,17592,45968,19572
before-runs,300x90-solid,5411,81.153,wait/deadline wake,65690,39972,20,3775,1414,10247,7
before-runs,300x90-solid,5412,140.629,write_us,34609,1277,17,1534,1422,94901,8144
before-runs,300x90-solid,5416,100.932,write_us,29533,1081,24,1822,5704,63832,15
before-runs,300x90-solid,5417,74.258,write_us,36353,3020,24,1677,2143,32895,1165
before-runs,300x90-solid,5418,91.992,write_us,34170,837,18,1864,1630,52011,2298
before-runs,300x90-solid,5423,159.383,write_us,41977,17329,19,1712,35352,78499,1824
before-runs,300x90-solid,5424,99.302,write_us,35149,1816,29,1809,2252,58730,1332
before-runs,300x90-solid,5425,102.945,write_us,33636,304,24,1097,1852,63871,2463
before-runs,300x90-solid,5426,170.755,write_us,38775,5442,24,4182,1946,125701,125
before-runs,300x90-solid,5433,131.281,write_us,29244,571,10,2481,967,79378,19200
before-runs,300x90-solid,5438,117.915,write_us,38348,10236,17,5849,1197,72427,75
before-runs,300x90-solid,5439,79.126,write_us,36688,3355,26,1673,7729,32999,10
before-runs,300x90-solid,5441,129.927,write_us,29193,3424,13,2628,1194,90887,6011
before-runs,300x90-solid,5449,115.932,write_us,28320,697,15,2075,1723,81491,2307
before-runs,300x90-solid,5450,115.734,write_us,34166,835,26,2334,2001,74731,2473
before-runs,300x90-solid,5456,72.785,write_us,30525,9647,15,3075,2536,36626,7
before-runs,300x90-solid,5457,96.753,write_us,34619,1286,15,1823,2088,57638,569
before-runs,300x90-solid,5458,98.05,write_us,39679,6348,41,4269,3337,48205,2517
before-runs,300x90-solid,5459,252.512,write_us,33990,658,21,2226,2011,211856,2407
before-runs,300x90-solid,5465,70.327,write_us,5551,397,13,1737,1867,56609,4549
before-runs,300x90-solid,5466,248.608,write_us,36001,2668,19,1737,2051,206670,2130
before-runs,300x90-solid,5469,185.795,write_us,36224,9756,13,2277,1595,145423,261
before-runs,300x90-solid,5470,69.297,write_us,34352,1020,47,2176,2555,30158,7
before-runs,300x90-solid,5471,100.917,write_us,36673,3341,12,1676,2570,59801,184
before-runs,300x90-solid,5476,104.106,write_us,33006,3867,10,1765,1744,66661,919
before-runs,300x90-solid,5480,109.859,write_us,30678,2076,14,2253,1270,73288,2355
before-runs,300x90-solid,5481,72.354,write_us,35960,2628,11,7257,2769,26347,8
before-runs,300x90-solid,5482,140.522,write_us,41185,7851,14,1622,1575,96120,6
before-runs,300x90-solid,5486,146.652,wait/deadline wake,50885,22892,15,1522,2160,90497,1572
before-runs,300x90-solid,5489,141.304,write_us,42602,9269,17,2045,3884,83060,9695
before-runs,300x90-solid,5490,200.288,write_us,35939,2606,24,2828,2093,159103,299
before-runs,300x90-solid,5507,138.89,write_us,37050,13616,11,2525,4715,93414,1174
before-runs,300x90-solid,5508,107.864,write_us,34072,738,24,2618,2208,66527,2415
before-runs,300x90-solid,5509,84.956,write_us,33797,464,20,2524,1717,45998,899
before-runs,300x90-solid,5526,178.478,write_us,36593,8665,14,1143,1184,137507,2036
before-runs,300x90-solid,5529,101.52,write_us,36039,2706,19,1936,1987,59218,2320
before-runs,300x90-solid,5530,95.319,write_us,35581,2248,20,2199,1828,55682,8
before-runs,300x90-solid,5531,174.661,wait/deadline wake,53474,20141,18,1654,2007,117500,7
before-runs,300x90-solid,5534,74.716,write_us,34493,1161,13,1646,1965,34283,2315
before-runs,300x90-solid,5535,173.732,write_us,33973,641,63,1661,1643,136379,11
before-runs,300x90-solid,5539,143.924,write_us,19326,8895,11,1350,1081,121710,445
before-runs,300x90-solid,5550,183.25,write_us,39836,12805,13,2465,1454,136583,2898
before-runs,300x90-solid,5553,174.83,write_us,46889,18235,12,1836,6332,109366,10393
before-runs,300x90-solid,5556,171.17,write_us,34245,8428,11,2840,1271,132302,501
before-runs,300x90-solid,5563,148.401,write_us,35892,14660,7,1747,2704,105687,2362
before-runs,300x90-solid,5566,99.181,write_us,23275,1709,11,2280,1211,62176,10226
before-runs,300x90-solid,5567,104.947,write_us,39574,6242,22,3044,1857,59857,592
before-runs,300x90-solid,5569,79.557,write_us,15065,1044,10,1877,1144,45856,15604
before-runs,300x90-solid,5570,127.931,write_us,36534,3202,12,1491,1835,86937,1120
before-runs,300x90-solid,5571,199.586,write_us,35100,1767,19,1759,1928,160193,586
before-runs,300x90-solid,5572,86.564,write_us,34401,1068,28,1658,2240,47071,1165
before-runs,300x90-solid,5573,104.705,write_us,34449,1116,19,1686,1797,64500,2253
before-runs,300x90-solid,5577,165.612,write_us,34343,1010,18,2054,1654,127222,320
before-runs,300x90-solid,5580,94.243,write_us,3746,430,13,1664,1282,85088,2449
before-runs,300x90-solid,5581,89.996,write_us,37177,3845,23,10242,2064,40480,8
before-runs,300x90-solid,5589,110.206,write_us,33927,594,16,1636,5093,66319,3214
before-runs,300x90-solid,5592,136.565,write_us,33809,11135,14,1777,1424,96235,3305
before-runs,300x90-solid,5593,84.975,write_us,33679,346,22,2305,1935,45055,1978
before-runs,300x90-solid,5594,168.276,write_us,34189,856,17,1624,1990,124803,5652
before-runs,300x90-solid,5598,166.796,write_us,38402,9233,11,1772,1286,124750,575
before-runs,300x90-solid,5601,142.752,write_us,43779,19069,13,1685,1444,89086,6744
before-runs,300x90-solid,5602,129.878,write_us,35512,2180,24,2324,1856,90154,6
before-runs,300x90-solid,5603,89.268,write_us,35457,2124,8,639,1756,50552,855
before-runs,300x90-solid,5604,215.478,write_us,34171,839,15,2556,1768,175196,1771
before-runs,300x90-solid,5605,198.285,write_us,34785,1452,30,1639,2501,156814,2515
before-runs,300x90-solid,5609,85.021,write_us,28920,5162,10,1959,2548,51526,58
before-runs,300x90-solid,5610,78.537,write_us,37782,4450,18,1623,2640,36460,13
before-runs,300x90-solid,5613,161.837,write_us,29091,1190,8,648,2082,129849,158
before-runs,300x90-solid,5617,144.449,write_us,37475,4143,17,1917,2770,100144,2124
before-runs,300x90-solid,5618,154.46,write_us,40276,6943,24,1748,3117,108965,330
before-runs,300x90-solid,5619,78.211,write_us,34146,813,24,2047,2950,36900,2143
before-runs,300x90-solid,5620,109.999,write_us,34345,1012,17,1656,2525,69143,2312
before-runs,300x90-solid,5621,92.694,write_us,34378,1045,20,1684,2773,53832,6
before-runs,300x90-solid,5642,118.195,write_us,30276,2013,13,1928,1718,74045,10214
before-runs,300x90-solid,5643,92.3,write_us,35133,1799,17,1674,2678,51914,884
before-runs,300x90-solid,5686,67.292,write_us,36206,6648,16,1710,1780,26878,701
before-runs,300x90-solid,5687,68.42,write_us,34637,1304,17,1894,3054,28806,11
before-runs,300x90-solid,5743,73.533,write_us,21987,4074,16,2067,3323,45478,661
before-runs,300x90-solid,5744,129.265,write_us,36316,2983,15,1878,2361,88246,448
before-runs,300x90-solid,5749,95.25,write_us,11804,6303,10,1721,1655,78219,1839
before-runs,300x90-solid,5750,83.473,write_us,34804,1472,23,795,2349,45483,17
before-runs,300x90-solid,5753,130.279,write_us,36272,2940,20,1734,9549,82490,213
before-runs,300x90-solid,5754,150.27,write_us,48397,15064,21,4085,2482,93676,1609
before-runs,300x90-solid,5755,168.036,write_us,41682,8349,27,2351,3095,120864,16
before-runs,300x90-solid,5756,131.259,write_us,33926,593,30,1742,3324,90616,1620
before-runs,300x90-solid,5757,134.287,write_us,34507,1174,26,3508,3355,92546,344
before-runs,300x90-solid,5758,81.794,write_us,34303,971,27,1689,2963,42256,555
before-runs,300x90-solid,5759,73.528,write_us,35992,2659,21,1620,2593,31932,1369
before-runs,300x90-solid,5766,75.408,write_us,34396,1063,21,1802,2779,36098,311
before-runs,300x90-solid,5813,135.435,write_us,33625,292,21,1699,2912,94906,2271
before-runs,300x90-solid,5983,93.388,write_us,34095,762,22,1100,1871,56295,5
before-runs,300x90-solid,5987,85.95,write_us,29259,806,12,1635,1533,50458,3052
before-runs,300x90-solid,5991,99.678,write_us,34288,956,22,1890,2090,59116,2270
before-runs,300x90-solid,6005,79.75,write_us,34345,1013,26,1608,2263,40321,1185
before-runs,300x90-solid,6011,70.792,write_us,34193,860,23,1652,1988,32356,579
before-runs,300x90-solid,6012,66.837,write_us,33720,387,29,1816,1876,28251,1144
before-runs,300x90-solid,6013,73.326,write_us,34342,1010,24,1662,1828,34324,1145
before-runs,300x90-solid,6014,106.371,write_us,33472,139,68,1721,1938,66901,2271
before-runs,300x90-solid,6032,71.018,write_us,33819,487,19,1702,1851,33620,6
before-runs,300x90-solid,6038,76.397,write_us,29986,715,16,1628,1364,41127,2275
before-runs,300x90-solid,6039,107.588,write_us,35001,1668,27,1611,1926,66736,2287
before-runs,300x90-solid,6044,70.294,write_us,30315,1013,17,1701,1317,34667,2276
before-runs,300x90-solid,6051,68.551,write_us,29847,312,15,1662,1287,33465,2274
before-runs,300x90-solid,6052,79.635,write_us,34219,886,24,1616,1978,39517,2280
before-runs,300x90-solid,6053,97.3,write_us,34193,860,24,1649,1752,59675,6
before-runs,300x90-solid,6105,94.704,write_us,34344,1010,21,1806,1606,54618,2309
before-runs,300x90-solid,6106,104.503,write_us,34259,926,19,1596,1853,64486,2289
before-runs,300x90-solid,6107,80.736,write_us,34474,1142,25,1612,1833,42785,6
before-runs,300x90-solid,7268,52.04,write_us,17675,1008,20,1705,1667,28700,2273
before-runs,300x90-solid,7269,38.259,write_us,17678,1011,22,1735,1804,16724,295
before-runs,300x90-solid,7371,45.037,write_us,17791,1131,16,1646,1426,23005,1146
before-runs,300x90-solid,7372,74.648,write_us,17376,710,38,1679,1570,51711,2273
before-runs,300x90-solid,7373,45.178,write_us,16887,221,28,1615,1907,24734,6
before-runs,300x90-solid,7381,44.035,write_us,14166,828,13,1634,1052,24767,2402
before-runs,300x90-solid,7395,40.441,write_us,16819,153,19,1658,1322,19474,1148
before-runs,300x90-solid,7396,47.002,write_us,16957,291,34,2213,1540,25113,1144
before-runs,300x90-solid,7397,59.446,write_us,17048,382,21,1644,1563,38870,299
before-runs,300x90-solid,7404,56.924,write_us,17678,1012,19,1611,1792,34613,1210
before-runs,300x90-solid,7405,79.665,write_us,17675,1009,19,2308,1765,56740,1157
before-runs,300x90-solid,7406,80.23,write_us,16781,115,24,1644,2018,58613,1149
before-runs,300x90-solid,7407,60.433,write_us,17677,1011,25,2395,1970,37207,1158
before-runs,300x90-solid,7408,42.884,write_us,16692,25,21,1653,1838,22407,272
before-runs,300x90-solid,9065,55.052,write_us,16883,217,12,1686,2091,34224,155
before-runs,300x90-solid,9095,64.928,write_us,17307,641,17,1740,2171,42546,1146
before-runs,300x90-solid,9096,41.601,write_us,17669,1008,18,1884,2666,19057,301
before-runs,300x90-solid,9097,35.214,write_us,17741,1075,15,1212,2066,13797,382
before-runs,300x90-solid,9125,35.445,write_us,10283,1490,7,764,1081,23179,129
before-runs,300x90-solid,9126,70.316,write_us,18672,2006,13,1713,2713,46679,525
before-runs,300x90-solid,9127,109.026,write_us,17348,681,23,4458,2846,83500,851
before-runs,300x90-solid,9128,63.187,write_us,18618,1952,22,2252,3179,37683,1432
before-runs,300x90-solid,9129,80.246,write_us,20152,3485,20,1819,2889,55327,38
before-runs,300x90-solid,9130,94.53,write_us,18167,1501,24,1617,3322,71132,267
before-runs,300x90-solid,9131,151.042,write_us,22701,6040,23,2632,3395,121165,1120
before-runs,300x90-solid,9132,124.941,write_us,23430,6764,37,1598,10697,88967,211
before-runs,300x90-solid,9133,148.069,write_us,21593,4926,34,1802,3718,120074,848
before-runs,300x90-solid,9134,83.288,write_us,17853,1187,108,1140,3571,60285,331
before-runs,300x90-solid,9135,91.49,write_us,17372,707,22,1728,2980,68961,425
before-runs,300x90-solid,9136,134.404,write_us,21855,5190,25,2966,3379,105160,1017
before-runs,300x90-solid,9137,129.813,write_us,17829,1163,30,1703,3503,105710,1037
before-runs,300x90-solid,9138,112.646,write_us,18084,1418,29,1704,5080,86685,1063
before-runs,300x90-solid,9139,95.248,write_us,18304,1638,27,2442,4253,69508,714
before-runs,300x90-solid,9140,57.749,write_us,18466,1800,27,1158,4660,33119,318
before-runs,300x90-solid,9141,73.812,write_us,17845,1179,19,1802,2400,51252,493
before-runs,300x90-solid,9142,94.356,write_us,17294,628,17,1660,2495,72135,754
before-runs,300x90-solid,9143,65.921,write_us,17775,1109,15,1151,2927,43704,347
before-runs,300x90-solid,9144,71.039,write_us,19619,2953,19,1920,2777,45788,916
before-runs,300x90-solid,9145,85.119,write_us,18483,1816,21,1615,2854,61420,726
before-runs,300x90-solid,9146,82.389,write_us,17961,1296,19,2024,2847,58831,705
before-runs,300x90-solid,9147,120.07,write_us,17365,699,23,3115,3007,94036,2523
before-runs,300x90-solid,9148,129.983,write_us,17736,1071,27,1606,2981,104889,2742
before-runs,300x90-solid,9149,109.591,write_us,21168,4502,29,1637,3403,82884,469
before-runs,300x90-solid,9150,173.877,wait/deadline wake,31476,14809,29,2139,5342,134445,446
before-runs,300x90-solid,9151,77.965,write_us,17963,1297,33,1602,3110,52794,2462
before-runs,300x90-solid,9152,68.419,write_us,17784,1118,20,1768,2767,45895,184
before-runs,300x90-solid,9153,89.869,write_us,17948,1282,25,1872,2821,67051,151
before-runs,300x90-solid,9174,57.328,write_us,13462,822,12,1404,1374,38794,2280
before-runs,300x90-solid,9175,102.302,write_us,17148,482,23,1680,2377,81054,19
before-runs,300x90-solid,9176,41.03,write_us,17755,1089,24,1610,2764,18868,7
before-runs,300x90-solid,9179,36.596,write_us,14353,1241,10,626,1274,19740,591
before-runs,300x90-solid,9180,53.426,write_us,17676,1010,15,1643,1836,31098,1158
before-runs,300x90-solid,9181,33.55,write_us,17377,711,11,639,2034,13178,310
before-runs,300x90-solid,9187,63.361,write_us,17675,1008,15,1633,1878,40093,2067
before-runs,300x90-solid,9188,81.94,write_us,17011,345,20,1783,2228,59790,1107
before-runs,300x90-solid,9189,91.44,write_us,17211,545,12,613,2463,69984,1156
before-runs,300x90-solid,9190,112.116,write_us,17676,1010,23,1667,2624,87848,2277
before-runs,300x90-solid,9191,41.86,write_us,17338,672,44,1818,2656,19995,7
before-runs,300x90-solid,9194,59.253,write_us,16755,102,12,1713,2012,38740,6
before-runs,300x90-solid,9195,70.936,write_us,18573,1907,15,3085,2330,45788,1144
before-runs,300x90-solid,9196,111.146,write_us,17680,1013,21,1953,2490,86864,2138
before-runs,300x90-solid,9199,101.466,write_us,29629,1013,18,4146,1921,63693,2058
before-runs,300x90-solid,9202,72.865,write_us,29455,390,18,1777,1794,37617,2204
before-runs,300x90-solid,9203,126.166,write_us,34342,1011,22,1692,2282,85536,2290
before-runs,300x90-solid,9217,70.577,write_us,34338,1011,22,1688,1758,31532,1232
before-runs,300x90-solid,9218,106.422,write_us,34413,1080,66,1897,1907,65513,2625
before-runs,300x90-solid,9224,87.755,write_us,33652,319,20,1606,2238,50172,66
before-runs,300x90-solid,9225,77.22,write_us,34342,1009,21,1760,2006,37947,1144
before-runs,300x90-solid,9226,76.894,write_us,34352,1019,22,1658,1924,37791,1145
before-runs,300x90-solid,9227,92.152,write_us,34146,813,17,1690,1797,54496,6
before-runs,300x90-solid,9245,74.192,write_us,30512,1060,16,1793,1484,38135,2251
before-runs,300x90-solid,9249,80.559,write_us,24498,1010,16,1621,1990,52428,6
before-runs,300x90-solid,9252,92.554,write_us,28522,197,15,1771,1988,60192,65
before-runs,300x90-solid,9261,96.503,write_us,29180,1013,15,1701,1726,61606,2274
before-runs,300x90-solid,9266,109.301,write_us,33591,259,19,1804,2348,69146,2391
before-runs,300x90-solid,9267,88.606,write_us,34313,980,25,2027,2728,49490,23
before-runs,300x90-solid,9273,86.809,write_us,34345,1013,20,1635,2300,47318,1190
before-runs,300x90-solid,9274,118.116,write_us,34121,789,79,1661,2486,79758,9
before-runs,300x90-solid,9279,89.9,write_us,29427,1030,16,1652,1687,54845,2272
before-runs,300x90-solid,9282,89.898,write_us,30235,737,15,1654,1649,54120,2224
before-runs,300x90-solid,9283,112.157,write_us,33883,550,24,1667,2486,71797,2299
before-runs,300x90-solid,9284,98.087,write_us,34062,729,24,2095,2517,58212,1177
before-runs,300x90-solid,9285,111.019,write_us,33555,223,26,1698,2390,72201,1147
before-runs,300x90-solid,9286,85.803,write_us,34225,893,21,1727,2320,46151,1357
before-runs,300x90-solid,9287,84.443,write_us,33632,299,52,1982,2238,45388,1150
before-runs,300x90-solid,9288,110.951,write_us,34340,1008,22,2040,2317,69953,2278
before-runs,300x90-solid,9289,131.8,write_us,33785,453,21,1953,2642,91115,2283
before-runs,300x90-solid,9304,77.104,write_us,30038,1012,17,2014,1473,41261,2300
before-runs,300x90-solid,9311,71.923,write_us,30183,1009,15,1678,1459,38580,7
before-runs,300x90-solid,9327,70.972,write_us,31213,645,6,1958,1086,36685,23
before-runs,300x90-solid,9328,66.752,write_us,33847,514,20,1396,1869,29312,308
before-runs,300x90-solid,9381,105.831,write_us,34347,1014,20,1709,1892,65583,2279
before-runs,300x90-solid,9382,89.179,write_us,33725,393,21,1702,2347,50231,1151
before-runs,300x90-solid,9383,91.395,write_us,34261,928,23,1730,1983,51102,2295
before-runs,300x90-solid,9384,74.922,write_us,33956,623,22,2164,1886,35745,1148
before-runs,300x90-solid,9392,76.957,write_us,3380,385,15,1739,1536,67997,2289
before-runs,300x90-solid,9399,76.185,write_us,34214,882,22,1648,2020,37699,580
before-runs,300x90-solid,9423,168.14,write_us,34343,1010,18,1641,3633,127339,1165
before-runs,300x90-solid,9424,174.033,write_us,33443,110,30,1940,4022,132314,2283
before-runs,300x90-solid,9425,97.208,write_us,33595,263,31,1730,3882,57962,7
before-runs,300x90-solid,9434,75.031,write_us,34342,1010,19,1701,3315,35349,304
before-runs,300x90-solid,9438,67.719,write_us,34088,755,18,1801,3121,28034,656
before-runs,300x90-solid,9439,91.131,write_us,33545,213,16,1665,2976,52587,340
before-runs,300x90-solid,9440,99.387,write_us,34130,797,22,1647,3239,59188,1160
before-runs,300x90-solid,9441,130.443,write_us,33652,320,22,1802,3311,90592,1062
before-runs,300x90-solid,9442,119.003,write_us,33791,458,24,1744,3768,79668,8
before-runs,300x90-solid,9608,92.915,write_us,35154,1822,11,632,1778,52709,2629
before-runs,300x90-solid,9609,126.163,write_us,34201,869,25,1743,2197,83894,4102
before-runs,300x90-solid,9610,102.476,write_us,35247,1915,39,1729,2198,62115,1146
before-runs,300x90-solid,9618,72.287,write_us,34573,1241,18,2057,1551,32936,1151
before-runs,300x90-solid,9619,94.477,write_us,36041,2707,22,1828,1606,53451,1529
before-runs,300x90-solid,9636,77.896,write_us,35749,2416,13,623,1681,38595,1234
before-runs,300x90-solid,9637,95.493,write_us,34475,1143,13,685,1526,57901,891
before-runs,300x90-solid,9672,77.656,write_us,35394,2062,22,1978,1562,37323,1375
before-runs,300x90-solid,9673,102.332,write_us,34342,1009,20,1695,2253,62942,1078
before-runs,300x90-solid,9674,136.41,write_us,33771,438,41,1822,2167,97470,1138
before-runs,300x90-solid,9675,75.969,write_us,34558,1225,30,1713,2531,36518,618
before-runs,300x90-solid,9676,86.694,write_us,34353,1020,22,1672,2082,45514,3050
before-runs,300x90-solid,9677,107.041,write_us,33396,63,20,1156,3266,65984,3218
before-runs,300x90-solid,9678,151.078,write_us,34347,1013,26,1722,2104,108105,4773
before-runs,300x90-solid,9679,116.974,write_us,35149,1815,34,2039,3346,74135,2271
before-runs,300x90-solid,9682,93.839,write_us,30160,1006,9,629,1600,59143,2297
before-runs,300x90-solid,9683,126.136,write_us,34046,713,24,1274,2220,88563,9
before-runs,300x90-solid,9694,97.646,write_us,29483,2730,13,2061,2087,63993,9
before-runs,300x90-solid,9700,101.628,write_us,30323,762,14,1399,2125,64970,2796
before-runs,300x90-solid,9701,186.83,write_us,34752,1419,26,1162,2503,148085,301
before-runs,300x90-solid,9702,79.287,write_us,35057,1724,35,1561,3850,38704,79
before-runs,300x90-solid,9703,130.144,write_us,34375,1043,23,1828,2233,90533,1150
before-runs,300x90-solid,9704,152.834,write_us,35336,2003,14,641,2532,112028,2283
before-runs,300x90-solid,9705,160.492,write_us,34289,956,18,643,2493,120933,2115
before-runs,300x90-solid,9706,156.097,write_us,34193,860,35,1303,2747,114257,3561
before-runs,300x90-solid,9707,162.06,write_us,36528,3195,34,1413,2904,118901,2279
before-runs,300x90-solid,9708,182.257,write_us,34487,1154,32,2075,2498,142029,1135
before-runs,300x90-solid,9712,82.553,write_us,31121,2515,12,1723,1727,47895,73
before-runs,300x90-solid,9713,114.463,write_us,35213,1879,21,2816,2037,73081,1294
before-runs,300x90-solid,9714,108.76,write_us,35086,1754,48,2153,2436,69025,10
before-runs,300x90-solid,9717,153.279,write_us,34913,8131,17,3712,1735,112355,546
before-runs,300x90-solid,9719,84.336,write_us,13018,1065,23,1453,2090,63934,3817
before-runs,300x90-solid,9720,237.207,write_us,35566,2233,26,1800,2073,197736,5
before-runs,300x90-solid,9726,67.393,write_us,37519,7155,9,1196,1688,26970,10
before-runs,300x90-solid,9730,69.383,write_us,35236,7126,18,655,6172,25711,1590
before-runs,300x90-solid,9734,90.857,write_us,26881,1516,17,1394,1543,53758,7264
before-runs,300x90-solid,9735,112.791,write_us,37678,4346,26,1851,1956,71103,175
before-runs,300x90-solid,9745,147.697,write_us,32160,6214,10,2145,1899,105754,5729
before-runs,300x90-solid,9746,125.342,write_us,38673,5340,28,4147,2561,79925,7
before-runs,300x90-solid,9749,102.772,write_us,24997,1223,8,644,1693,73105,2324
before-runs,300x90-solid,9750,229.416,write_us,34367,1034,24,3409,3793,183478,4344
before-runs,300x90-solid,9751,131.071,write_us,36886,3554,19,637,3536,89904,88
before-runs,300x90-solid,9752,209.845,write_us,37548,4214,28,1844,18816,151196,413
before-runs,300x90-solid,9753,125.439,write_us,35408,2075,30,2171,2466,85356,7
before-runs,300x90-solid,9754,83.358,write_us,34357,1023,24,1858,2647,44456,16
before-runs,300x90-solid,9755,261.323,write_us,45025,11692,19,1683,3101,208944,2551
before-runs,300x90-solid,9756,327.442,write_us,44674,11341,40,2801,5875,266096,7956
before-runs,300x90-solid,9757,75.754,write_us,34405,1073,26,2264,3241,35533,283
before-runs,300x90-solid,9758,78.926,write_us,34146,813,18,1462,2170,41123,7
before-runs,300x90-solid,9760,99.225,write_us,28225,365,14,1541,1755,65414,2275
before-runs,300x90-solid,9762,71.818,write_us,20704,1012,11,1201,1796,46954,1152
before-runs,300x90-solid,9763,66.882,write_us,33581,248,11,930,2295,29550,514
before-runs,300x90-solid,9764,79.703,write_us,37135,3803,18,1985,2051,37816,697
before-runs,300x90-solid,9765,77.502,write_us,33845,512,14,2079,2617,32632,6314
before-runs,300x90-solid,9766,69.112,write_us,35478,2146,18,2039,2625,28797,154
before-runs,300x90-solid,9780,133.179,write_us,36836,3503,74,3749,2927,87872,1720
before-runs,300x90-solid,9781,138.569,write_us,34429,1097,24,2365,2448,97017,2284
before-runs,300x90-solid,9782,109.636,write_us,33667,334,14,625,3708,68987,2633
before-runs,300x90-solid,9783,136.938,write_us,35100,1766,43,1825,2396,95284,2290
before-runs,300x90-solid,9789,68.582,write_us,34263,930,18,1629,2142,30078,451
before-runs,300x90-solid,9797,118.889,write_us,34890,1558,11,653,2661,78500,2172
before-runs,300x90-solid,9798,97.184,write_us,34346,1013,24,2133,2295,57589,796
before-runs,300x90-solid,9799,81.346,write_us,34690,1357,23,1645,2291,42150,547
before-runs,300x90-solid,9808,118.844,write_us,33958,624,22,1403,2438,79677,1347
before-runs,300x90-solid,9809,136.952,write_us,34410,1078,24,1770,2394,96083,2270
before-runs,300x90-solid,9810,120.78,write_us,34007,674,60,1679,2525,82450,59
before-runs,300x90-solid,9813,114.694,write_us,23285,1576,16,1629,2692,84893,2179
before-runs,300x90-solid,9814,151.747,write_us,34232,903,24,1284,2567,111144,2491
before-runs,300x90-solid,9815,94.264,write_us,34362,1032,31,2079,2573,55185,31
before-runs,300x90-solid,9822,88.053,write_us,24430,1012,13,1807,1742,57915,2145
before-runs,300x90-solid,9823,105.465,write_us,34413,1080,25,2259,2994,65419,354
before-runs,300x90-solid,9851,83.795,write_us,34014,681,23,1662,2272,44706,1117
before-runs,300x90-solid,9852,79.495,write_us,33835,512,20,1748,2098,40635,1148
before-runs,300x90-solid,9853,72.374,write_us,33800,467,31,1754,2527,33078,1182
before-runs,300x90-solid,10029,86.399,write_us,33937,604,18,1697,1661,49067,18
before-runs,300x90-solid,10034,69.792,write_us,29830,621,12,1753,1719,36442,35
before-runs,300x90-solid,10045,79.099,write_us,34337,1013,23,1818,1891,40689,332
before-runs,300x90-solid,10054,73.553,write_us,33730,397,19,1691,2503,34272,1337
before-runs,300x90-solid,10055,95.903,write_us,33972,639,34,1713,2009,57867,307
before-runs,300x90-solid,10061,97.664,write_us,33604,272,55,2445,1966,57285,2308
before-runs,300x90-solid,10079,167.198,write_us,34277,944,21,1745,3013,125859,2282
before-runs,300x90-solid,10110,90.901,write_us,29568,1016,25,1672,2067,55283,2286
before-runs,300x90-solid,10111,71.702,write_us,33681,348,23,3048,2773,32158,18
before-runs,300x90-solid,10112,72.847,write_us,34348,1015,20,1824,2300,33203,1151
before-runs,300x90-solid,10113,121.452,write_us,33779,447,37,1777,2448,81136,2274
before-runs,300x90-solid,10126,89.267,write_us,28745,183,16,1821,1781,54746,2158
before-runs,300x90-solid,10132,84.457,write_us,30309,1014,15,1659,1567,48623,2283
before-runs,300x90-solid,10157,104.546,write_us,33688,355,16,1775,1969,64823,2274
before-runs,300x90-solid,10158,80.165,write_us,34366,1033,24,1756,3785,40225,8
before-runs,300x90-solid,10161,74.46,write_us,34342,1009,19,1640,1822,36616,20
before-runs,300x90-solid,10173,70.94,write_us,29468,166,10,1693,1311,36166,2291
before-runs,300x90-solid,10180,67.161,write_us,34388,1054,18,1804,1656,29286,9
before-runs,300x90-solid,10204,95.86,write_us,33902,570,19,1626,1698,56334,2280
before-runs,300x90-solid,10216,69.565,write_us,30479,340,14,1878,1330,33587,2276
before-runs,300x90-solid,10220,70.999,write_us,29586,1010,14,2062,1358,35710,2269
before-runs,300x90-solid,10274,95.584,write_us,34350,1017,18,2891,2184,53856,2285
before-runs,300x90-solid,10275,83.801,write_us,34414,1081,66,1812,2158,45227,123
before-runs,300x90-solid,10284,79.764,write_us,33669,337,16,1627,1537,42903,11
before-runs,300x90-solid,10285,79.286,write_us,33568,234,21,1704,1737,39982,2274
before-runs,300x90-solid,10286,95.613,write_us,34188,855,19,1682,1698,55753,2272
before-runs,300x90-solid,10300,67.051,write_us,33237,3608,14,2083,1825,29834,58
before-runs,300x90-solid,10519,68.241,write_us,18152,1486,14,1865,1878,46327,4
before-runs,300x90-solid,10520,36.292,write_us,17229,562,12,1299,2302,15258,192
before-runs,300x90-solid,10534,35.154,write_us,17009,344,13,1763,1586,14167,614
before-runs,300x90-solid,10541,38.057,write_us,10669,2765,12,1855,1402,23720,399
before-runs,300x90-solid,10542,62.253,write_us,21529,4864,115,2515,3148,34650,294
before-runs,300x90-solid,10543,41.45,write_us,18146,1480,11,637,1861,20398,396
before-runs,300x90-solid,10544,35.225,write_us,18102,1435,8,1275,3043,12371,426
before-runs,300x90-solid,10551,50.607,write_us,17675,1009,15,1654,1555,29007,700
before-runs,300x90-solid,10552,105.208,write_us,18344,1676,16,2660,2288,79380,2521
before-runs,300x90-solid,10553,104.911,wait/deadline wake,27475,10808,24,4959,13166,59117,169
before-runs,300x90-solid,10554,34.072,write_us,17484,818,23,1627,2748,12033,156
before-runs,300x90-solid,10564,37.981,write_us,8251,925,13,1659,1094,25090,1874
before-runs,300x90-solid,10565,46.508,write_us,17105,439,17,1636,1961,24928,859
before-runs,300x90-solid,10566,48.278,write_us,17589,923,16,1784,2242,26054,592
before-runs,300x90-solid,10567,69.292,write_us,18236,1571,23,2326,2278,44818,1609
before-runs,300x90-solid,10568,57.84,write_us,19165,2499,9,622,2160,35709,174
before-runs,300x90-solid,10569,39.168,write_us,17760,1094,20,1510,2841,16692,343
before-runs,300x90-solid,10570,33.551,write_us,17758,1092,15,1880,1872,11724,300
before-runs,300x90-solid,10571,33.478,write_us,17683,1017,16,2373,1586,11228,590
before-runs,300x90-solid,10572,59.587,write_us,17676,1010,10,971,1432,36108,3388
before-runs,300x90-solid,10573,89.598,write_us,17170,504,15,1651,1814,67462,1485
before-runs,300x90-solid,10574,57.473,write_us,17517,851,24,1738,2517,35331,345
before-runs,300x90-solid,10575,44.776,write_us,17550,884,18,1622,1802,22604,1179
before-runs,300x90-solid,10576,89.263,write_us,21952,5286,18,1744,4429,58285,2834
before-runs,300x90-solid,10577,155.583,write_us,18943,2277,23,677,2702,132093,1144
before-runs,300x90-solid,10578,60.928,write_us,17679,1012,33,1359,3344,38215,298
before-runs,300x90-solid,10579,68.355,write_us,17598,932,18,1608,2842,45218,1070
before-runs,300x90-solid,10580,218.586,write_us,21568,4902,13,650,3075,192832,446
before-runs,300x90-solid,10585,70.064,write_us,11454,1013,12,1597,1604,52874,2519
before-runs,300x90-solid,10586,112.751,write_us,34391,1058,37,2213,4058,72027,24
before-runs,300x90-solid,10590,139.684,write_us,28390,429,14,771,1976,106146,2385
before-runs,300x90-solid,10591,110.847,write_us,34362,1029,37,1628,3231,70475,1113
before-runs,300x90-solid,10592,139.419,write_us,34419,1086,23,3233,2611,97928,1205
before-runs,300x90-solid,10593,126.816,write_us,34151,818,14,1593,3025,86912,1120
before-runs,300x90-solid,10594,102.554,write_us,34213,880,15,727,2462,63982,1154
before-runs,300x90-solid,10595,99.265,write_us,35007,1674,23,1782,2775,58592,1086
before-runs,300x90-solid,10596,138.568,write_us,34025,692,22,2101,2562,98574,1283
before-runs,300x90-solid,10597,91.434,write_us,35279,1946,30,1894,2580,51294,356
before-runs,300x90-solid,10600,141.693,write_us,15650,1010,14,1875,21115,100506,2532
before-runs,300x90-solid,10601,79.064,write_us,34344,1011,86,1319,3373,39644,297
before-runs,300x90-solid,10602,131.2,write_us,34335,1001,23,1689,2576,88879,3697
before-runs,300x90-solid,10603,209.279,write_us,37435,4103,28,2044,3319,164825,1626
before-runs,300x90-solid,10608,70.28,write_us,28242,1011,30,1605,1705,37654,1042
before-runs,300x90-solid,10609,82.079,write_us,33544,211,11,1916,3020,42928,659
before-runs,300x90-solid,10610,117.432,write_us,34436,1103,11,647,2848,78211,1279
before-runs,300x90-solid,10611,130.014,write_us,34374,1040,25,1613,3128,90866,8
before-runs,300x90-solid,10613,73.301,write_us,29583,2739,9,1332,1818,40547,11
before-runs,300x90-solid,11235,206.64,wait/deadline wake,199886,171226,35,1215,3114,2379,9
before-runs,300x90-solid,11382,102.922,write_us,34063,731,19,1614,2433,62742,2050
before-runs,300x90-solid,11383,117.343,write_us,33349,16,43,1596,2667,77412,2275
before-runs,300x90-solid,11391,68.741,write_us,30532,653,15,2694,1353,31870,2276
before-runs,300x90-solid,11392,80.96,write_us,34171,838,261,2437,1797,42286,7
before-runs,300x90-solid,11481,92.199,wait/deadline wake,87500,59101,19,1847,1434,1390,8
before-runs,300x90-solid,11525,85.416,wait/deadline wake,79820,50283,18,1674,1895,2005,4
before-runs,300x90-solid,12449,35.996,write_us,4068,1626,8,569,1365,29846,140
before-runs,300x90-solid,12460,42.512,write_us,19440,2773,14,1636,1101,20154,167
before-runs,300x90-solid,12473,51.791,write_us,17677,1011,14,1823,2347,28610,1319
before-runs,300x90-solid,12474,53.673,write_us,17586,920,18,3315,1610,28307,2836
before-runs,300x90-solid,12475,45.618,write_us,19328,2661,17,2021,1556,22393,304
before-runs,300x90-solid,12482,54.153,write_us,21284,4619,9,1163,1285,29985,425
before-runs,300x90-solid,12483,65.734,write_us,21907,5241,18,1613,1503,38494,2198
before-runs,300x90-solid,12484,60.53,write_us,17254,591,18,1785,1889,38120,1460
before-runs,300x90-solid,12485,58.201,write_us,18497,1831,21,1606,1582,35137,1357
before-runs,300x90-solid,12486,68.133,write_us,18350,1685,29,1614,1486,43824,2828
before-runs,300x90-solid,12487,91.137,write_us,17735,1069,19,1760,1780,67559,2283
before-runs,300x90-solid,12488,64.437,write_us,17103,437,21,1612,1910,42202,1587
before-runs,300x90-solid,12489,69.893,write_us,17676,1009,17,1998,1622,46039,2540
before-runs,300x90-solid,12490,60.259,write_us,17719,1053,18,1855,1674,38983,8
before-runs,300x90-solid,12491,60.452,write_us,18275,1608,10,798,3408,37954,6
before-runs,300x90-solid,12492,46.951,write_us,21441,4774,16,1644,1604,22220,26
before-runs,300x90-solid,12502,57.425,write_us,16954,287,13,1854,2534,34490,1580
before-runs,300x90-solid,12503,86.316,write_us,17372,706,17,2540,2463,61390,2533
before-runs,300x90-solid,12504,84.136,write_us,20459,3792,23,1861,1912,59852,29
before-runs,300x90-solid,12514,51.993,write_us,14865,1901,19,1137,1046,29195,5730
before-runs,300x90-solid,12515,82.208,write_us,21888,5251,18,1103,1946,55859,1364
before-runs,300x90-solid,12516,90.226,write_us,17677,1010,18,1657,1866,62689,6319
before-runs,300x90-solid,12517,94.162,write_us,18857,2190,23,1650,1911,71691,29
before-runs,300x90-solid,12523,67.787,write_us,17541,875,13,1860,1474,37647,9251
before-runs,300x90-solid,12524,91.681,write_us,19045,2380,18,860,1497,67965,2294
before-runs,300x90-solid,12525,72.181,write_us,18285,1619,22,1111,2451,49294,1017
before-runs,300x90-solid,12526,51.892,write_us,18311,1645,18,1658,2403,26616,2885
before-runs,300x90-solid,12527,47.454,write_us,17583,916,8,1167,1546,26001,1149
before-runs,300x90-solid,12528,43.162,write_us,16724,58,10,601,1353,23399,1074
before-runs,300x90-solid,12529,75.264,write_us,17310,644,17,1601,1388,51560,3387
before-runs,300x90-solid,12530,53.444,write_us,17721,1055,19,1772,2158,31674,99
before-runs,300x90-solid,12535,52.284,write_us,13676,176,8,1678,1151,33407,2363
before-runs,300x90-solid,12561,39.056,write_us,18161,6398,12,1259,1058,18558,8
before-runs,300x90-solid,12562,61.343,write_us,19798,3131,6,614,1433,37192,2299
before-runs,300x90-solid,12563,106.686,write_us,17923,1256,10,838,1897,84993,1024
before-runs,300x90-solid,12564,38.443,write_us,19430,2764,22,1644,2147,15191,7
before-runs,300x90-solid,12572,58.485,write_us,18905,6411,9,1783,1026,34453,2308
before-runs,300x90-solid,12573,90.974,write_us,17676,1010,17,2847,1859,66280,2294
before-runs,300x90-solid,12574,48.465,write_us,17302,635,21,2356,1896,26589,300
before-runs,300x90-solid,12594,54.161,write_us,18552,1886,18,971,1165,30861,2592
before-runs,300x90-solid,12595,110.126,write_us,18755,2088,19,1649,1597,84329,3777
before-runs,300x90-solid,12599,47.727,write_us,14935,1833,12,2378,934,26044,3423
before-runs,300x90-solid,12600,62.863,write_us,19637,2972,16,1639,1491,38669,1409
before-runs,300x90-solid,12619,132.389,write_us,33547,213,21,1691,1634,93413,2083
before-runs,300x90-solid,12620,73.124,write_us,39794,6462,28,2382,2576,28247,95
before-runs,80x24-braille,160,34.552,wait/deadline wake,34129,1008,10,142,243,0,29
before-runs,80x24-braille,218,51.876,config save,16161,748,35321,272,104,0,17
before-runs,80x24-braille,5446,36.65,wait/deadline wake,36364,20970,12,144,119,0,11
before-runs,80x24-braille,5545,62.023,diff_us,22621,7285,28,562,38796,1,15
before-runs,80x24-braille,5546,40.49,wait/deadline wake,26642,9976,18,147,13671,0,11
before-runs,80x24-braille,5670,38.79,wait/deadline wake,27406,21783,13,146,101,0,11123
before-runs,80x24-braille,5708,72.069,diff_us,24264,8898,10,79,47707,0,10
before-runs,80x24-braille,5730,39.548,diff_us,17880,4631,16,149,21486,0,16
before-runs,80x24-braille,5763,64.105,wait/deadline wake,27334,14216,17,149,31319,0,5286
before-runs,80x24-braille,5786,35.896,flush_us,21136,4470,8,149,77,0,14525
before-runs,80x24-braille,5898,59.293,wait/deadline wake,30162,17848,13,149,111,1,28856
before-runs,80x24-braille,5899,42.057,wait/deadline wake,32788,16122,17,159,2089,0,7002
before-runs,80x24-braille,5921,37.748,wait/deadline wake,29702,13036,15,154,145,0,7731
before-runs,80x24-braille,5922,33.76,flush_us,23107,6441,13,548,189,0,9902
before-runs,80x24-braille,5925,44.548,wait/deadline wake,30370,13704,15,151,140,0,13870
before-runs,80x24-braille,5933,36.051,flush_us,24866,9604,14,175,115,0,10880
before-runs,80x24-braille,6018,71.974,diff_us,21811,8393,16,165,49954,1,27
before-runs,80x24-braille,6062,70.608,wait/deadline wake,39616,24079,14,4332,95,0,26551
before-runs,80x24-braille,6110,48.566,wait/deadline wake,31640,16000,11,152,98,0,16664
before-runs,80x24-braille,6136,40.044,flush_us,14090,1019,7,148,72,0,25726
before-runs,80x24-braille,6139,33.544,wait/deadline wake,25790,9124,9,82,74,0,7588
before-runs,80x24-braille,6160,38.609,wait/deadline wake,25477,8811,14,156,135,0,12826
before-runs,80x24-braille,6198,50.088,wait/deadline wake,30085,14776,14,255,123,0,19610
before-runs,80x24-braille,6199,35.592,flush_us,20570,3904,15,153,109,0,14744
before-runs,80x24-braille,6200,41.927,wait/deadline wake,27220,10553,11,149,104,0,14443
before-runs,80x24-braille,6208,62.573,wait/deadline wake,44966,29644,10,146,100,0,17350
before-runs,80x24-braille,6209,43.927,wait/deadline wake,29896,13230,17,159,117,0,13737
before-runs,80x24-braille,6210,34.458,wait/deadline wake,34132,17466,17,152,138,0,18
before-runs,80x24-braille,6218,54.66,flush_us,21738,8252,12,156,432,0,32323
before-runs,80x24-braille,6228,34.689,wait/deadline wake,29227,13742,10,1359,106,0,3986
before-runs,80x24-braille,6237,45.7,wait/deadline wake,29319,14030,10,106,337,0,15927
before-runs,80x24-braille,6250,45.847,wait/deadline wake,26213,11601,9,257,130,0,19237
before-runs,80x24-braille,6261,34.065,wait/deadline wake,30510,13844,13,153,117,0,3271
before-runs,80x24-braille,6275,35.54,flush_us,20875,4209,14,152,112,0,14386
before-runs,80x24-braille,6276,44.586,wait/deadline wake,38312,21645,17,157,123,1,5976
before-runs,80x24-braille,6301,53.798,diff_us,23561,10843,15,155,30037,1,28
before-runs,80x24-braille,6348,37.095,wait/deadline wake,26228,11224,93,156,108,0,10509
before-runs,80x24-braille,6366,33.914,wait/deadline wake,25458,8791,13,151,103,0,8188
before-runs,80x24-braille,6373,34.27,wait/deadline wake,33966,17882,14,156,111,0,22
before-runs,80x24-braille,6387,49.644,wait/deadline wake,35784,20697,11,159,106,105,13478
before-runs,80x24-braille,6412,40.703,wait/deadline wake,37779,30888,13,2777,110,4,20
before-runs,80x24-braille,6423,41.914,flush_us,24659,13526,12,320,113,0,16808
before-runs,80x24-braille,12547,36.425,flush_us,22762,7843,28,249,305,0,13080
before-runs,80x24-braille,12548,40.491,wait/deadline wake,35325,18660,16,150,123,3684,1191
before-runs,80x24-braille,12746,40.48,wait/deadline wake,36676,25176,15,146,111,0,3531
before-runs,80x24-braille,12755,37.134,wait/deadline wake,30430,14350,13,146,94,0,6450
before-runs,80x24-braille,14552,36.152,wait/deadline wake,26318,17286,15,469,120,421,8809
before-runs,80x24-braille,14666,33.997,diff_us,19485,5420,15,188,11036,0,3272
before-runs,80x24-braille,14884,34.045,wait/deadline wake,30366,15248,8,72,3594,0,5
before-runs,80x24-braille,16041,184.473,wait/deadline wake,183352,167690,29,230,106,495,261
before-runs,80x24-braille,16050,35.482,wait/deadline wake,35096,19655,17,205,135,0,28
before-runs,80x24-braille,16119,53.506,wait/deadline wake,53074,37468,16,148,256,0,10
before-runs,80x24-braille,16126,48.08,wait/deadline wake,45850,30310,7,70,2147,0,6
before-runs,80x24-braille,16551,74.853,wait/deadline wake,73173,57774,27,394,157,32,1069
before-runs,80x24-braille,16635,33.498,wait/deadline wake,33227,17683,11,145,101,0,13
before-runs,80x24-braille,16638,67.885,wait/deadline wake,66913,51400,19,308,489,13,141
before-runs,80x24-solid,159,34.16,wait/deadline wake,33785,1010,15,119,207,26,7
before-runs,80x24-solid,217,42.557,config save,16584,1026,25344,235,158,224,11
before-runs,80x24-solid,5456,35.405,flush_us,16008,1649,7,54,110,9541,9684
before-runs,80x24-solid,5515,40.94,flush_us,17551,3966,11,116,136,8572,14554
before-runs,80x24-solid,5545,50.119,diff_us,15901,710,16,121,34060,0,20
before-runs,80x24-solid,5546,56.74,wait/deadline wake,29929,13263,18,116,26180,18,477
before-runs,80x24-solid,5614,33.418,diff_us,18921,3694,17,136,12509,40,1795
before-runs,80x24-solid,5670,38.82,wait/deadline wake,26947,21919,11,114,101,0,11646
before-runs,80x24-solid,5708,65.549,diff_us,23747,8378,14,120,41636,0,32
before-runs,80x24-solid,5730,34.494,flush_us,23850,7184,14,119,178,25,10307
before-runs,80x24-solid,5761,53.565,wait/deadline wake,33529,17435,9,139,133,12306,7449
before-runs,80x24-solid,5762,47.992,write_us,19976,3309,11,56,10691,11113,6145
before-runs,80x24-solid,5763,36.023,write_us,21176,4510,15,1150,142,7891,5648
before-runs,80x24-solid,5780,33.889,wait/deadline wake,33616,16949,17,118,122,0,15
before-runs,80x24-solid,5892,58.331,wait/deadline wake,33702,20565,13,117,150,0,24347
before-runs,80x24-solid,5893,78.265,wait/deadline wake,36140,19482,16,119,198,30733,11050
before-runs,80x24-solid,5915,38.662,wait/deadline wake,26724,10058,15,121,138,0,11663
before-runs,80x24-solid,5918,46.866,wait/deadline wake,31934,15267,12,118,130,12407,2264
before-runs,80x24-solid,5994,45.99,flush_us,20257,3591,7,124,85,0,25516
before-runs,80x24-solid,6010,53.414,diff_us,17025,5935,13,119,36169,0,87
before-runs,80x24-solid,6102,45.488,wait/deadline wake,33316,18244,11,123,124,0,11913
before-runs,80x24-solid,6130,40.7,flush_us,15196,1009,8,115,93,0,25287
before-runs,80x24-solid,6131,37.894,flush_us,21196,4529,12,116,140,2885,13545
before-runs,80x24-solid,6194,46.841,wait/deadline wake,27034,12888,11,119,126,0,19550
before-runs,80x24-solid,6195,35.401,flush_us,20420,3753,13,118,120,0,14730
before-runs,80x24-solid,6196,41.651,wait/deadline wake,27030,10364,10,117,114,0,14379
before-runs,80x24-solid,6204,70.253,wait/deadline wake,44568,29470,15,118,169,17325,8057
before-runs,80x24-solid,6205,51.74,wait/deadline wake,33846,17181,17,121,215,9729,7811
before-runs,80x24-solid,6214,54.927,flush_us,22311,9770,9,269,118,0,32219
before-runs,80x24-solid,6215,43.125,flush_us,21293,4628,15,122,164,10235,11294
before-runs,80x24-solid,6222,42.526,wait/deadline wake,35259,19436,21,315,809,295,5826
before-runs,80x24-solid,6244,44.799,wait/deadline wake,26477,11981,11,369,129,0,17812
before-runs,80x24-solid,6245,34.922,flush_us,21567,4901,14,226,168,0,12945
before-runs,80x24-solid,6246,36.619,wait/deadline wake,31501,14835,15,120,128,0,4854
before-runs,80x24-solid,6248,37.008,diff_us,20952,5087,12,158,14869,0,1017
before-runs,80x24-solid,6270,37.979,wait/deadline wake,28515,11849,13,119,156,3217,5957
before-runs,80x24-solid,6297,51.527,diff_us,18746,10989,16,124,32617,1,22
before-runs,80x24-solid,6298,34.066,wait/deadline wake,25041,8374,15,120,159,20,8710
before-runs,80x24-solid,6343,41.42,wait/deadline wake,29036,13375,12,121,143,0,12107
before-runs,80x24-solid,6373,35.884,wait/deadline wake,27341,10676,27,499,196,40,7780
before-runs,80x24-solid,6374,34.934,wait/deadline wake,26291,9625,14,121,178,23,8305
before-runs,80x24-solid,6382,60.082,wait/deadline wake,34880,18805,14,118,166,13225,11679
before-runs,80x24-solid,6383,33.77,flush_us,19411,2744,10,57,130,6448,7713
before-runs,80x24-solid,6406,46.266,flush_us,19424,16583,14,119,265,63,26381
before-runs,80x24-solid,6407,37.506,flush_us,24427,7761,17,123,205,337,12396
before-runs,80x24-solid,6415,34.441,flush_us,14648,6417,59,118,158,0,19456
before-runs,80x24-solid,6416,36.127,write_us,20576,3910,14,122,159,8891,6364
before-runs,80x24-solid,6425,40.797,flush_us,20802,8536,13,117,177,18,19670
before-runs,80x24-solid,6465,33.399,flush_us,21479,9903,11,164,137,3521,8086
before-runs,80x24-solid,6747,35.355,write_us,18232,3756,14,154,4759,10969,1226
before-runs,80x24-solid,10939,35.252,wait/deadline wake,25230,9995,13,124,216,6083,3585
before-runs,80x24-solid,11036,42.773,wait/deadline wake,28655,16575,12,121,161,11072,2751
before-runs,80x24-solid,12527,71.898,write_us,20680,7654,9,60,242,31170,19736
before-runs,80x24-solid,12528,36.662,write_us,20072,3405,29,59,287,11873,4342
before-runs,80x24-solid,12541,34.179,write_us,20108,4753,11,119,198,9946,3796
before-runs,80x24-solid,12542,44.934,write_us,23215,6548,9,115,214,14841,6539
before-runs,80x24-solid,12543,58.391,write_us,22118,5452,12,59,8724,24050,3427
before-runs,80x24-solid,12557,36.266,write_us,20458,3791,9,60,209,8353,7176
before-runs,80x24-solid,12558,45.915,wait/deadline wake,27814,11149,15,599,218,7063,10204
before-runs,80x24-solid,12559,39.232,write_us,18767,2101,9,66,181,14972,5236
before-runs,80x24-solid,12572,35.398,write_us,21608,6090,7,53,143,9539,4048
before-runs,80x24-solid,12598,45.107,wait/deadline wake,25725,9059,15,2432,242,12106,4586
before-runs,80x24-solid,12599,51.993,wait/deadline wake,33938,17272,15,119,845,12103,4972
before-runs,80x24-solid,12670,41.627,diff_us,16836,5068,10,56,24714,0,11
before-runs,80x24-solid,12671,44.965,diff_us,20142,3475,15,116,13459,1961,9272
before-runs,80x24-solid,12672,54.637,wait/deadline wake,27356,10690,15,117,190,19752,7206
before-runs,80x24-solid,12689,39.35,flush_us,19706,4167,10,116,131,4739,14647
before-runs,80x24-solid,12699,35.262,flush_us,23412,6746,14,117,161,4272,7285
before-runs,80x24-solid,12701,41.084,wait/deadline wake,34539,25091,14,118,258,2897,3257
before-runs,80x24-solid,12708,51.448,flush_us,19841,3175,14,117,1167,2051,28257
before-runs,80x24-solid,14504,34.883,wait/deadline wake,26068,17919,6,53,70,0,8685
before-runs,80x24-solid,14618,35.226,diff_us,18901,5394,14,117,12490,0,3703
before-runs,80x24-solid,14836,33.73,wait/deadline wake,28881,13482,11,113,4712,0,13
before-runs,80x24-solid,15993,184.205,wait/deadline wake,182805,166572,29,58,169,692,452
before-runs,80x24-solid,16002,36.349,wait/deadline wake,34224,19371,11,119,219,32,1744
before-runs,80x24-solid,16071,51.562,wait/deadline wake,51117,35704,12,116,285,25,7
before-runs,80x24-solid,16078,47.717,wait/deadline wake,45745,30253,7,50,1385,270,260
before-runs,80x24-solid,16081,37.625,wait/deadline wake,33825,18097,9,253,158,11,3369
before-runs,80x24-solid,16503,71.662,wait/deadline wake,70848,55545,7,51,139,503,114
before-runs,80x24-solid,16587,34.397,wait/deadline wake,33383,17779,9,113,116,9,767
before-runs,80x24-solid,16590,69.498,wait/deadline wake,65854,50375,14,116,854,1827,832
before-runs,80x24-solid,18045,49.967,wait/deadline wake,30146,14203,11,56,108,16,19630
after-runs,160x40-braille,1783,35.601,wait/deadline wake,34512,19044,13,220,818,38,0
after-runs,160x40-braille,1786,37.398,wait/deadline wake,35791,20401,23,581,185,818,0
after-runs,160x40-braille,1871,44.957,wait/deadline wake,41172,28064,298,505,2833,149,0
after-runs,160x40-braille,3460,36.448,wait/deadline wake,27897,13514,14,880,7603,54,0
after-runs,160x40-braille,6484,60.158,diff_us,20384,4903,25,496,22223,17029,0
after-runs,160x40-braille,6515,48.742,wait/deadline wake,26611,11438,19,445,153,21514,0
after-runs,160x40-braille,6516,45.168,write_us,21656,5229,21,478,165,22844,0
after-runs,160x40-braille,6541,50.999,diff_us,9693,2599,20,456,35633,5195,0
after-runs,160x40-braille,6551,36.469,write_us,21223,6669,17,448,158,14622,0
after-runs,160x40-braille,6552,40.004,write_us,14547,3129,21,481,202,24752,0
after-runs,160x40-braille,6553,39.121,write_us,7795,3048,19,1618,165,29524,0
after-runs,160x40-braille,8325,37.116,write_us,16145,1249,15,1713,183,19060,0
after-runs,160x40-braille,8553,36.629,wait/deadline wake,32720,17491,27,956,190,2736,0
after-runs,160x40-braille,11582,35.951,wait/deadline wake,25581,12928,13,433,138,9786,0
after-runs,160x40-braille,11657,66.183,diff_us,12854,243,15,469,52801,44,0
after-runs,160x40-braille,11668,42.372,diff_us,20572,6644,14,2578,19176,0,31
after-runs,160x40-braille,14085,38.837,write_us,19194,3382,17,3509,2575,13542,0
after-runs,160x40-braille,16563,35.229,write_us,10159,7549,19,457,172,24421,0
after-runs,160x40-braille,16564,36.856,diff_us,1604,890,22,460,28443,6326,0
after-runs,160x40-braille,16576,60.012,write_us,18238,2416,23,469,19023,22256,0
after-runs,160x40-braille,16577,55.615,diff_us,14280,8468,21,973,40241,100,0
after-runs,160x40-braille,16584,35.137,write_us,19888,4961,21,498,193,14537,0
after-runs,160x40-braille,16585,50.048,write_us,23677,10555,115,460,156,25638,0
after-runs,160x40-braille,16586,42.31,write_us,17392,4317,38,922,122,23835,0
after-runs,160x40-braille,16595,136.447,diff_us,20599,5350,10,224,115516,97,0
after-runs,160x40-braille,16603,133.645,diff_us,21466,7910,17,216,104876,7068,0
after-runs,160x40-solid,365,47.302,write_us,19873,5055,17,377,366,26669,0
after-runs,160x40-solid,367,40.7,write_us,4704,882,22,378,266,35329,0
after-runs,160x40-solid,368,48.447,write_us,16042,2921,31,651,297,31425,0
after-runs,160x40-solid,1777,35.737,wait/deadline wake,34452,19202,9,151,955,170,0
after-runs,160x40-solid,1780,37.973,draw_us,16766,967,36,19490,241,1439,0
after-runs,160x40-solid,1865,39.108,wait/deadline wake,34879,27710,18,505,933,2772,0
after-runs,160x40-solid,3454,35.199,wait/deadline wake,26965,13641,11,3828,210,4184,0
after-runs,160x40-solid,6477,77.385,write_us,17025,6105,25,376,21099,38859,0
after-runs,160x40-solid,6492,43.016,write_us,18017,3367,15,211,158,24614,0
after-runs,160x40-solid,6507,73.511,write_us,24569,9600,15,592,202,48133,0
after-runs,160x40-solid,6508,65.254,write_us,10344,2222,26,613,182,54085,0
after-runs,160x40-solid,6515,42.268,write_us,17165,1927,15,376,197,24514,0
after-runs,160x40-solid,6516,42.365,write_us,8144,1841,23,393,274,33530,0
after-runs,160x40-solid,6517,50.052,write_us,16833,2895,20,386,260,32552,0
after-runs,160x40-solid,6525,44.406,write_us,20452,5521,18,959,247,22729,0
after-runs,160x40-solid,6526,47.945,write_us,6558,2700,25,381,1276,39703,0
after-runs,160x40-solid,6527,42.481,write_us,11086,5173,15,169,164,31046,0
after-runs,160x40-solid,6535,76.403,write_us,22442,8139,16,370,255,53319,0
after-runs,160x40-solid,6536,58.307,write_us,7015,2449,29,422,306,50535,0
after-runs,160x40-solid,8307,39.06,write_us,16324,1467,15,872,206,21643,0
after-runs,160x40-solid,8535,37.684,wait/deadline wake,33564,18383,18,392,2055,1655,0
after-runs,160x40-solid,11543,35.559,write_us,21941,6887,19,500,211,12887,0
after-runs,160x40-solid,11566,36.827,write_us,16079,1252,13,362,180,20192,0
after-runs,160x40-solid,11603,40.551,write_us,20003,3778,18,384,201,19944,0
after-runs,160x40-solid,11628,38.525,write_us,21364,6044,14,395,442,16309,0
after-runs,160x40-solid,11629,97.154,diff_us,12263,2134,12,158,84632,88,0
after-runs,160x40-solid,11637,39.43,write_us,19750,4658,16,364,199,19101,0
after-runs,160x40-solid,11638,49.021,write_us,10721,1727,19,365,197,37718,0
after-runs,160x40-solid,11639,42.301,write_us,13451,3479,17,4391,7348,17091,0
after-runs,160x40-solid,11665,43.445,write_us,14250,2605,15,361,199,28620,0
after-runs,160x40-solid,14052,39.616,diff_us,18359,3382,12,160,20051,1033,0
after-runs,160x40-solid,16515,35.149,write_us,19063,4352,18,376,260,15432,0
after-runs,160x40-solid,16528,37.136,write_us,22396,7357,77,461,235,13967,0
after-runs,160x40-solid,16529,64.502,write_us,15741,4506,23,386,5590,42760,0
after-runs,160x40-solid,16540,93.51,write_us,19114,3308,13,371,216,73796,0
after-runs,160x40-solid,16541,55.748,diff_us,14215,8587,13,155,40482,882,0
after-runs,160x40-solid,16547,100.099,write_us,21204,6145,14,485,524,77872,0
after-runs,160x40-solid,16548,35.865,write_us,23672,8714,17,164,203,11808,0
after-runs,160x40-solid,16556,136.71,diff_us,20563,5504,16,374,115133,623,0
after-runs,160x40-solid,16564,97.182,diff_us,20863,7825,28,393,40786,35110,1
after-runs,160x40-solid,16565,41.438,diff_us,21379,5524,28,769,15564,3697,0
after-runs,200x60-braille,1785,35.444,wait/deadline wake,34161,18864,10,368,857,47,0
after-runs,200x60-braille,1788,37.327,wait/deadline wake,35721,20333,14,1074,226,292,0
after-runs,200x60-braille,1873,39.566,wait/deadline wake,35344,27913,16,630,3477,99,0
after-runs,200x60-braille,3462,33.841,wait/deadline wake,26427,13281,13,845,3449,3106,0
after-runs,200x60-braille,6485,42.742,write_us,12410,5097,23,826,11671,17811,0
after-runs,200x60-braille,6486,47.07,diff_us,18636,4071,21,381,18375,9651,0
after-runs,200x60-braille,6516,60.823,wait/deadline wake,25123,10060,23,929,243,34504,0
after-runs,200x60-braille,6517,52.704,write_us,9072,4836,23,910,286,42409,0
after-runs,200x60-braille,6525,53.545,write_us,20366,4847,22,1023,352,31781,0
after-runs,200x60-braille,6526,40.275,write_us,18344,6371,18,380,178,21354,0
after-runs,200x60-braille,6527,40.712,write_us,7697,2667,12,378,164,32460,0
after-runs,200x60-braille,6535,40.565,write_us,17914,3421,15,1070,289,21277,0
after-runs,200x60-braille,6536,56.877,write_us,9693,2434,22,830,16170,30161,0
after-runs,200x60-braille,6537,36.474,write_us,4248,3866,27,824,278,31096,0
after-runs,200x60-braille,6545,52.453,write_us,21432,7148,17,824,272,29907,0
after-runs,200x60-braille,6546,75.762,write_us,23065,11234,23,887,527,51259,0
after-runs,200x60-braille,8318,36.716,diff_us,15764,1094,13,1540,16089,3310,0
after-runs,200x60-braille,8546,36.9,wait/deadline wake,32969,18079,15,1095,1310,1511,0
after-runs,200x60-braille,11646,65.531,diff_us,18273,5486,19,839,41819,4581,0
after-runs,200x60-braille,11657,47.027,diff_us,11110,6447,16,803,34508,589,0
after-runs,200x60-braille,14073,37.335,draw_us,17575,3194,15,14189,2525,3031,0
after-runs,200x60-braille,16550,36.299,write_us,21919,7359,14,1136,236,12993,0
after-runs,200x60-braille,16551,51.081,diff_us,16341,4746,24,836,22249,11631,0
after-runs,200x60-braille,16564,41.704,write_us,11518,6925,17,2796,12439,14931,0
after-runs,200x60-braille,16565,76.845,diff_us,17709,4819,26,865,51716,6527,0
after-runs,200x60-braille,16572,40.271,write_us,21849,6821,21,1052,236,17112,0
after-runs,200x60-braille,16573,73.794,write_us,20048,11959,13,384,472,52876,0
after-runs,200x60-braille,16582,136.073,diff_us,20262,5193,16,604,114890,300,0
after-runs,200x60-braille,16590,131.043,diff_us,22149,8007,15,386,86973,21519,0
after-runs,200x60-solid,208,41.737,write_us,18826,4355,18,801,340,21752,0
after-runs,200x60-solid,210,34.6,write_us,8196,716,10,276,611,25506,0
after-runs,200x60-solid,364,36.899,write_us,10166,2239,101,819,379,25432,0
after-runs,200x60-solid,365,34.519,write_us,8155,3792,18,654,335,25357,0
after-runs,200x60-solid,1772,34.597,wait/deadline wake,33056,17653,9,249,1235,48,0
after-runs,200x60-solid,1775,35.966,wait/deadline wake,34692,19479,15,713,297,249,0
after-runs,200x60-solid,1860,39.067,wait/deadline wake,35277,26734,9,239,3407,134,0
after-runs,200x60-solid,3449,35.111,wait/deadline wake,26575,12111,53,2079,1614,4789,0
after-runs,200x60-solid,6470,36.617,write_us,15408,3565,23,663,2867,17656,0
after-runs,200x60-solid,6471,90.176,write_us,12465,3908,16,271,31495,45927,0
after-runs,200x60-solid,6486,41.117,write_us,16537,2402,23,312,536,23700,0
after-runs,200x60-solid,6501,135.776,wait/deadline wake,25257,10292,17,737,363,109401,0
after-runs,200x60-solid,6508,73.734,write_us,18113,3759,11,267,361,54980,0
after-runs,200x60-solid,6509,58.542,write_us,12180,4894,27,662,467,45204,0
after-runs,200x60-solid,6517,78.497,write_us,20397,5179,18,661,378,57042,0
after-runs,200x60-solid,6518,55.256,write_us,6771,3384,34,714,14354,33382,0
after-runs,200x60-solid,6526,126.828,write_us,21334,7166,17,587,362,104527,0
after-runs,200x60-solid,8298,37.361,wait/deadline wake,33051,18660,23,2153,226,1908,0
after-runs,200x60-solid,8526,35.908,wait/deadline wake,31725,17279,20,2121,441,1601,0
after-runs,200x60-solid,11534,34.721,write_us,23730,7917,13,638,329,10011,0
after-runs,200x60-solid,11552,41.699,write_us,4823,2644,9,630,276,35959,0
after-runs,200x60-solid,11553,36.467,write_us,13140,2660,17,654,354,22301,0
after-runs,200x60-solid,11556,35.544,write_us,23654,8721,15,635,327,10912,0
after-runs,200x60-solid,11559,38.621,write_us,18877,3824,15,633,314,18782,0
after-runs,200x60-solid,11575,34.585,write_us,18309,3655,14,798,305,15159,0
after-runs,200x60-solid,11579,37.248,write_us,14044,5518,12,1059,290,21843,0
after-runs,200x60-solid,11588,46.843,write_us,21731,7068,13,628,310,24160,0
after-runs,200x60-solid,11589,42.03,write_us,6197,5043,7,271,180,35374,0
after-runs,200x60-solid,11613,59.027,write_us,20792,5799,19,651,336,37228,0
after-runs,200x60-solid,11614,74.631,diff_us,7915,1949,20,636,44450,21609,0
after-runs,200x60-solid,11622,45.94,write_us,20060,5391,12,678,293,24897,0
after-runs,200x60-solid,11623,45.772,write_us,10835,8774,15,635,300,33985,0
after-runs,200x60-solid,11624,38.735,write_us,12381,6091,15,633,2886,22820,0
after-runs,200x60-solid,11650,43.525,write_us,15291,2050,12,669,602,26951,0
after-runs,200x60-solid,14037,37.988,diff_us,16829,2543,8,251,20647,252,0
after-runs,200x60-solid,16500,38.345,write_us,20053,4755,14,442,194,17641,0
after-runs,200x60-solid,16512,50.629,write_us,21434,6682,13,2146,303,26732,0
after-runs,200x60-solid,16513,49.255,diff_us,21239,7118,18,385,27022,588,0
after-runs,200x60-solid,16524,62.193,write_us,22935,7722,16,671,319,38252,0
after-runs,200x60-solid,16525,81.114,write_us,5513,2495,25,410,28397,46767,0
after-runs,200x60-solid,16532,47.372,write_us,21248,6737,17,694,325,25087,0
after-runs,200x60-solid,16533,78.467,write_us,11469,10997,23,696,13327,52952,0
after-runs,200x60-solid,16542,134.44,diff_us,18610,3992,15,281,114773,760,0
after-runs,200x60-solid,16550,97.172,diff_us,21599,6974,21,812,47491,27249,0
after-runs,200x60-solid,16551,40.647,diff_us,10533,9747,27,685,17082,12319,0
after-runs,200x60-solid,18051,34.64,wait/deadline wake,26938,12291,21,6516,813,351,0
after-runs,250x70-braille,208,40.011,write_us,15311,1046,16,1849,354,22480,0
after-runs,250x70-braille,365,42.604,write_us,19505,7596,42,1343,3361,18351,0
after-runs,250x70-braille,1778,33.759,wait/deadline wake,31739,16747,10,617,1357,37,0
after-runs,250x70-braille,1781,36.517,wait/deadline wake,34776,18953,14,1299,342,86,0
after-runs,250x70-braille,1866,38.388,wait/deadline wake,34174,25873,19,1539,2571,85,0
after-runs,250x70-braille,6476,73.357,write_us,18370,3004,22,1043,16679,37241,0
after-runs,250x70-braille,6508,58.742,write_us,24888,9784,12,1308,322,32211,0
after-runs,250x70-braille,6509,64.464,write_us,10445,4086,36,1456,387,52137,0
after-runs,250x70-braille,6530,36.87,write_us,19366,5550,16,1257,235,15995,0
after-runs,250x70-braille,6531,51.882,diff_us,12196,1918,18,1483,27380,10804,0
after-runs,250x70-braille,6532,39.311,write_us,11873,3476,17,1776,367,25277,0
after-runs,250x70-braille,6541,38.516,write_us,20306,6735,25,948,318,16918,0
after-runs,250x70-braille,6542,58.355,write_us,17660,9272,19,1460,377,38838,0
after-runs,250x70-braille,8314,35.473,wait/deadline wake,32358,18588,16,726,199,2174,0
after-runs,250x70-braille,8542,34.772,wait/deadline wake,32829,18378,15,931,196,802,0
after-runs,250x70-braille,11556,33.535,diff_us,13791,778,15,1867,17840,0,22
after-runs,250x70-braille,11575,33.498,write_us,22808,8810,13,1478,353,8846,0
after-runs,250x70-braille,11639,44.266,write_us,20528,6497,503,2481,332,20421,0
after-runs,250x70-braille,11640,42.902,write_us,8463,5365,9,577,14583,19270,0
after-runs,250x70-braille,11641,44.717,diff_us,12548,2354,14,1303,29981,870,0
after-runs,250x70-braille,11649,55.091,write_us,19355,5350,19,1349,4732,29636,0
after-runs,250x70-braille,11650,54.986,diff_us,13265,4352,19,1283,32948,7471,0
after-runs,250x70-braille,14065,35.028,diff_us,15343,1973,16,576,18837,255,0
after-runs,250x70-braille,16528,36.764,write_us,19158,4549,16,1555,318,15715,0
after-runs,250x70-braille,16541,60.808,write_us,22506,8674,14,556,225,37506,0
after-runs,250x70-braille,16542,37.18,diff_us,9302,6279,26,1335,25282,1234,0
after-runs,250x70-braille,16553,39.438,write_us,9486,8227,19,1345,364,28222,0
after-runs,250x70-braille,16554,89.304,write_us,14802,2981,30,1391,35678,37402,0
after-runs,250x70-braille,16561,47.273,write_us,21291,6201,33,1350,379,24218,0
after-runs,250x70-braille,16562,64.476,write_us,11241,10090,25,1580,16660,34970,0
after-runs,250x70-braille,16571,131.874,diff_us,17999,4411,18,587,101228,12041,0
after-runs,250x70-braille,16579,123.465,diff_us,20607,6118,25,1767,65210,35855,0
after-runs,250x70-braille,18080,34.398,wait/deadline wake,29541,14503,32,4285,406,133,0
after-runs,250x70-solid,211,37.408,write_us,7070,1414,10,424,306,29597,0
after-runs,250x70-solid,363,57.398,write_us,16300,1743,17,1021,892,39168,0
after-runs,250x70-solid,364,84.593,write_us,11776,4620,21,1077,593,71124,0
after-runs,250x70-solid,365,36.153,write_us,7304,1407,47,1795,915,26091,0
after-runs,250x70-solid,368,42.879,write_us,18593,2842,20,1275,548,22442,0
after-runs,250x70-solid,512,34.549,write_us,10529,850,23,1015,4431,18551,0
after-runs,250x70-solid,516,36.501,write_us,13524,1489,18,1078,500,21380,0
after-runs,250x70-solid,1763,35.371,wait/deadline wake,34090,19092,10,375,410,487,0
after-runs,250x70-solid,1766,37.186,draw_us,15911,914,12,20450,442,371,0
after-runs,250x70-solid,1851,39.101,wait/deadline wake,35183,28067,16,1094,1020,1788,0
after-runs,250x70-solid,1862,35.06,diff_us,15946,1065,17,2888,12914,3295,0
after-runs,250x70-solid,3439,35.803,wait/deadline wake,26760,13519,20,1339,7501,182,0
after-runs,250x70-solid,6461,82.868,write_us,20669,4310,17,1642,505,60030,0
after-runs,250x70-solid,6476,42.429,write_us,17735,3621,7,525,334,23828,0
after-runs,250x70-solid,6491,105.193,write_us,24224,9853,13,1123,457,79376,0
after-runs,250x70-solid,6492,33.551,write_us,12250,3074,18,1025,729,19528,0
after-runs,250x70-solid,6499,132.936,write_us,17944,4281,7,408,360,114216,0
after-runs,250x70-solid,6507,134.383,write_us,21003,6408,12,413,389,112565,0
after-runs,250x70-solid,6515,133.164,write_us,20896,8067,13,1071,527,110657,0
after-runs,250x70-solid,8286,37.834,write_us,13987,214,18,1401,502,21925,0
after-runs,250x70-solid,8514,36.983,wait/deadline wake,32626,18391,13,2461,526,1357,0
after-runs,250x70-solid,11521,36.444,write_us,21854,7615,13,1187,464,12922,0
after-runs,250x70-solid,11526,38.315,write_us,9817,1668,15,1008,3878,23597,0
after-runs,250x70-solid,11537,33.822,write_us,18756,4782,11,973,409,13673,0
after-runs,250x70-solid,11538,58.189,wait/deadline wake,25737,12253,16,1004,455,30976,0
after-runs,250x70-solid,11542,35.583,write_us,15137,1680,12,8548,406,11480,0
after-runs,250x70-solid,11544,33.746,write_us,11315,1507,10,967,407,21047,0
after-runs,250x70-solid,11545,37.318,write_us,12872,3477,13,1053,446,22934,0
after-runs,250x70-solid,11561,40.681,write_us,16892,3068,798,398,251,22341,0
after-runs,250x70-solid,11564,46.711,write_us,20650,6160,14,1050,488,24509,0
after-runs,250x70-solid,11573,65.064,write_us,19035,4722,9,961,412,44646,0
after-runs,250x70-solid,11574,48.336,write_us,21094,5178,17,967,485,25773,0
after-runs,250x70-solid,11586,40.563,write_us,18009,5905,12,1186,431,20924,0
after-runs,250x70-solid,11596,49.577,write_us,17387,3055,13,1118,427,30632,0
after-runs,250x70-solid,11597,85.001,diff_us,17075,2321,20,985,41705,25216,0
after-runs,250x70-solid,11605,60.465,write_us,20218,5323,11,1003,424,38809,0
after-runs,250x70-solid,11606,60.956,write_us,11017,6595,23,1018,7709,41181,0
after-runs,250x70-solid,11632,34.408,write_us,2921,299,18,1143,535,29790,0
after-runs,250x70-solid,14019,38.78,draw_us,16881,3230,21,15873,1695,4310,0
after-runs,250x70-solid,16482,38.572,write_us,19274,5212,11,1155,494,17638,0
after-runs,250x70-solid,16483,39.596,write_us,12487,3665,15,1058,455,25580,0
after-runs,250x70-solid,16494,40.949,write_us,17331,3118,19,993,452,22153,0
after-runs,250x70-solid,16495,59.462,diff_us,11230,4634,22,1129,30747,16333,0
after-runs,250x70-solid,16506,43.91,write_us,19291,3779,23,389,239,23968,0
after-runs,250x70-solid,16507,72.619,write_us,7355,2421,23,1799,26398,37042,0
after-runs,250x70-solid,16515,63.717,write_us,21428,6229,13,468,254,41553,0
after-runs,250x70-solid,16516,71.921,write_us,9996,8514,17,1007,25302,35598,0
after-runs,250x70-solid,16524,135.164,diff_us,19953,5433,14,390,65874,48932,0
after-runs,250x70-solid,16532,86.638,diff_us,21047,7884,15,1219,45767,18589,0
after-runs,250x70-solid,16533,51.756,diff_us,11624,1767,28,1267,35573,3263,0
after-runs,250x70-solid,18033,34.496,write_us,14725,556,19,1055,505,18191,0
after-runs,300x90-braille,208,37.774,write_us,16626,3413,17,4777,500,15853,0
after-runs,300x90-braille,210,39.086,write_us,10806,813,13,2677,626,24964,0
after-runs,300x90-braille,362,38.534,write_us,16036,2524,18,5036,510,16935,0
after-runs,300x90-braille,363,34.606,write_us,10486,2177,23,2767,533,20796,0
after-runs,300x90-braille,364,44.516,write_us,11518,4483,25,3980,568,28423,0
after-runs,300x90-braille,365,39.263,write_us,15190,2671,23,2561,684,20804,0
after-runs,300x90-braille,1777,34.068,wait/deadline wake,32164,17638,15,1582,273,33,0
after-runs,300x90-braille,1862,37.242,wait/deadline wake,33082,24055,22,1634,2315,188,0
after-runs,300x90-braille,1904,35.982,write_us,15399,5095,17,2809,4785,12970,0
after-runs,300x90-braille,6472,65.179,write_us,12819,3625,25,2516,9580,40238,0
after-runs,300x90-braille,6487,34.037,write_us,15051,1952,19,2084,512,16370,0
after-runs,300x90-braille,6502,66.464,wait/deadline wake,25967,11639,14,869,319,39294,0
after-runs,300x90-braille,6503,67.223,write_us,18845,4318,26,1956,1422,44969,0
after-runs,300x90-braille,6510,36.829,write_us,16643,2761,19,1960,538,17669,0
after-runs,300x90-braille,6511,51.394,write_us,19052,8667,25,1884,325,30106,0
after-runs,300x90-braille,6512,40.819,write_us,10690,1699,14,831,308,28975,0
after-runs,300x90-braille,6521,38.023,write_us,18069,4959,19,2155,479,17300,0
after-runs,300x90-braille,6522,67.349,write_us,17126,8706,27,1460,21962,26773,0
after-runs,300x90-braille,6532,72.492,write_us,20067,5491,11,864,278,51272,0
after-runs,300x90-braille,6533,58.072,write_us,13757,5007,18,842,336,43118,0
after-runs,300x90-braille,8304,33.339,wait/deadline wake,30136,16878,14,1470,1366,352,0
after-runs,300x90-braille,11546,37.628,diff_us,12381,366,17,1982,19565,3683,0
after-runs,300x90-braille,11598,36.807,write_us,18850,5682,14,2074,657,15211,0
after-runs,300x90-braille,11599,39.117,write_us,12453,2758,8,896,285,25474,0
after-runs,300x90-braille,11624,50.292,write_us,20797,7353,17,2173,505,26800,0
after-runs,300x90-braille,11625,79.275,write_us,17621,4470,24,3095,25176,33358,0
after-runs,300x90-braille,11634,55.338,write_us,17408,3517,23,2519,8013,27374,0
after-runs,300x90-braille,11635,60.883,diff_us,11116,2564,10,854,29012,19890,0
after-runs,300x90-braille,11661,37.2,write_us,16725,7111,15,2049,489,17922,0
after-runs,300x90-braille,14048,33.911,diff_us,13169,218,12,921,18992,816,0
after-runs,300x90-braille,16511,45.737,write_us,16896,4242,17,2387,580,25855,0
after-runs,300x90-braille,16512,39.563,write_us,1939,1688,10,917,294,36401,0
after-runs,300x90-braille,16513,45.687,write_us,17591,6905,24,2159,7087,18823,0
after-runs,300x90-braille,16521,94.067,write_us,20584,7654,10,936,299,72237,0
after-runs,300x90-braille,16532,75.483,write_us,17321,2781,10,887,306,56958,0
after-runs,300x90-braille,16533,84.657,write_us,12165,6442,27,2102,33969,36393,0
after-runs,300x90-braille,16540,94.491,write_us,20100,6322,17,2199,544,71629,0
after-runs,300x90-braille,16541,35.777,write_us,11510,8889,24,995,374,22872,0
after-runs,300x90-braille,16550,131.117,diff_us,16891,2804,30,3602,89785,20808,0
after-runs,300x90-braille,16558,126.718,diff_us,18738,4952,17,2173,61698,44092,0
after-runs,300x90-solid,207,41.52,write_us,13719,952,19,3083,994,23703,0
after-runs,300x90-solid,209,49.424,write_us,8327,1373,11,657,518,39910,0
after-runs,300x90-solid,356,57.997,write_us,13318,541,14,1812,1428,41424,0
after-runs,300x90-solid,357,99.559,write_us,6769,1989,23,1856,2389,88521,0
after-runs,300x90-solid,358,49.818,write_us,7829,2609,32,2140,974,38842,0
after-runs,300x90-solid,367,37.434,write_us,11542,457,20,1563,784,23524,0
after-runs,300x90-solid,368,42.825,write_us,9030,2045,28,1856,857,31054,0
after-runs,300x90-solid,490,35.985,write_us,13997,3596,16,1599,917,19455,0
after-runs,300x90-solid,491,33.694,write_us,9385,1635,15,1594,787,21912,0
after-runs,300x90-solid,492,43.672,write_us,8797,1408,19,2224,786,31845,0
after-runs,300x90-solid,493,44.023,write_us,14490,774,22,3795,832,24883,0
after-runs,300x90-solid,498,40.169,write_us,11987,1625,17,1646,767,25751,0
after-runs,300x90-solid,499,50.188,write_us,4342,816,17,1615,14261,29953,0
after-runs,300x90-solid,506,36.686,write_us,15286,1202,21,1756,1020,18602,0
after-runs,300x90-solid,1744,33.802,wait/deadline wake,32512,17324,9,599,402,279,0
after-runs,300x90-solid,1747,36.736,wait/deadline wake,34496,19471,14,1667,453,106,0
after-runs,300x90-solid,1832,37.706,wait/deadline wake,33385,26428,10,559,3566,185,0
after-runs,300x90-solid,6441,96.917,write_us,15326,3236,14,605,4062,76910,0
after-runs,300x90-solid,6442,34.281,write_us,21033,5862,23,1578,871,10775,0
after-runs,300x90-solid,6456,39.51,write_us,15604,2763,11,660,413,22820,0
after-runs,300x90-solid,6471,135.709,wait/deadline wake,25044,11107,17,2459,452,107737,0
after-runs,300x90-solid,6478,79.778,write_us,18113,3522,17,865,396,60387,0
after-runs,300x90-solid,6479,52.806,write_us,3556,2078,28,1704,891,46626,0
after-runs,300x90-solid,6487,82.807,write_us,18072,5057,16,2433,462,61823,0
after-runs,300x90-solid,6488,48.688,write_us,17400,3859,27,1936,913,28411,0
after-runs,300x90-solid,6496,131.303,write_us,19787,6860,14,862,932,109708,0
after-runs,300x90-solid,8266,36.238,wait/deadline wake,32015,18455,14,2680,872,657,0
after-runs,300x90-solid,8494,34.254,wait/deadline wake,32276,19182,16,910,841,211,0
after-runs,300x90-solid,11507,36.061,write_us,11215,1236,12,1694,8207,14932,0
after-runs,300x90-solid,11519,61.501,wait/deadline wake,27052,11791,16,1594,643,32195,0
after-runs,300x90-solid,11523,41.725,write_us,22347,8891,12,1336,371,17659,0
after-runs,300x90-solid,11525,33.749,write_us,14236,2648,10,1796,623,17084,0
after-runs,300x90-solid,11526,37.316,write_us,15691,4520,11,1655,627,19331,0
after-runs,300x90-solid,11542,38.443,write_us,17225,3867,16,2731,677,17794,0
after-runs,300x90-solid,11545,42.603,write_us,18747,6566,13,1325,415,22103,0
after-runs,300x90-solid,11554,78.541,write_us,21053,7685,12,927,376,56172,0
after-runs,300x90-solid,11567,52.237,write_us,18196,4339,11,1605,648,31776,0
after-runs,300x90-solid,11576,62.966,write_us,18993,5614,25,2197,850,40900,0
after-runs,300x90-solid,11577,69.746,diff_us,2010,1597,23,921,66670,122,0
after-runs,300x90-solid,11585,71.3,write_us,19242,5222,10,1927,646,49475,0
after-runs,300x90-solid,11586,60.912,write_us,14159,4773,19,1579,11591,33563,0
after-runs,300x90-solid,11611,34.411,write_us,6261,1924,14,2492,759,24884,0
after-runs,300x90-solid,13998,36.071,diff_us,14994,2477,9,625,20120,322,0
after-runs,300x90-solid,16461,88.456,write_us,18351,4859,18,1773,700,67614,0
after-runs,300x90-solid,16462,46.148,write_us,11878,3509,23,632,13490,20125,0
after-runs,300x90-solid,16470,98.755,write_us,20163,6226,17,3758,753,74054,0
after-runs,300x90-solid,16480,131.126,write_us,15892,684,14,1063,681,113474,0
after-runs,300x90-solid,16481,33.659,diff_us,2153,1408,32,1128,27246,3095,0
after-runs,300x90-solid,16488,130.995,write_us,19059,6517,15,1860,1315,108744,0
after-runs,300x90-solid,16496,132.822,diff_us,17820,4931,24,2138,61188,51651,0
after-runs,300x90-solid,16504,135.779,write_us,19529,6663,19,7506,53809,54915,0
after-runs,80x24-braille,1785,35.741,wait/deadline wake,34533,19224,7,69,1120,0,12
after-runs,80x24-braille,1788,36.633,wait/deadline wake,36317,20783,13,220,72,0,11
after-runs,80x24-braille,1873,47.483,wait/deadline wake,43561,28336,16,138,3685,82,0
after-runs,80x24-braille,6487,51.17,diff_us,17377,6101,18,105,33651,0,18
after-runs,80x24-braille,6539,33.397,wait/deadline wake,33076,19063,43,157,90,0,30
after-runs,80x24-braille,8567,34.478,wait/deadline wake,33928,18110,33,154,349,0,13
after-runs,80x24-braille,11672,45.127,diff_us,9362,2455,14,175,35556,0,19
after-runs,80x24-braille,16571,35.044,diff_us,17696,4289,17,154,17165,0,11
after-runs,80x24-braille,16582,35.35,diff_us,13357,1210,20,140,21772,0,61
after-runs,80x24-braille,16596,48.389,diff_us,16823,2723,20,195,31321,0,29
after-runs,80x24-braille,16597,45.972,diff_us,18970,3259,21,137,26815,0,28
after-runs,80x24-braille,16607,35.883,diff_us,14656,8755,14,72,21115,0,26
after-runs,80x24-braille,16618,49.111,diff_us,20734,5531,21,144,28184,0,28
after-runs,80x24-braille,16619,87.092,diff_us,21072,4981,10,73,65921,0,15
after-runs,80x24-braille,16628,71.228,diff_us,11111,7636,160,140,59791,0,26
after-runs,80x24-braille,16629,37.969,diff_us,21071,5491,25,200,16653,0,20
after-runs,80x24-solid,1786,35.472,wait/deadline wake,34682,19254,12,51,137,590,0
after-runs,80x24-solid,1789,36.314,draw_us,16636,1076,17,19556,81,0,24
after-runs,80x24-solid,1874,38.582,wait/deadline wake,34706,27782,20,117,806,2933,0
after-runs,80x24-solid,3463,37.189,wait/deadline wake,29394,14068,16,293,7056,430,0
after-runs,80x24-solid,6487,72.149,diff_us,17816,6026,24,123,43802,10384,0
after-runs,80x24-solid,6518,42.985,write_us,24660,9341,22,122,132,18049,0
after-runs,80x24-solid,6558,37.472,write_us,23258,7932,18,117,96,13982,0
after-runs,80x24-solid,6560,35.752,write_us,22191,5606,17,129,87,13327,0
after-runs,80x24-solid,8333,39.503,write_us,16395,1144,11,184,122,22790,0
after-runs,80x24-solid,8561,38.275,wait/deadline wake,33601,17741,21,347,463,3842,0
after-runs,80x24-solid,11590,36.59,write_us,24984,11929,18,121,124,11343,0
after-runs,80x24-solid,11664,50.716,diff_us,11634,2181,16,117,38900,0,49
after-runs,80x24-solid,11665,45.004,diff_us,12617,3881,16,114,29675,2582,0
after-runs,80x24-solid,11676,48.563,diff_us,21688,6795,15,115,23378,3367,0
after-runs,80x24-solid,16573,34.407,diff_us,18996,3447,38,119,9652,5599,0
after-runs,80x24-solid,16587,71.158,diff_us,10745,5197,41,117,57963,2291,0
after-runs,80x24-solid,16594,35.056,write_us,21065,5675,14,55,79,13843,0
after-runs,80x24-solid,16595,39.279,write_us,19643,5978,25,118,1648,17844,0
after-runs,80x24-solid,16596,40.25,diff_us,11592,3873,24,115,15499,13019,0
after-runs,80x24-solid,16605,78.388,diff_us,20947,5552,25,117,46323,10975,0
after-runs,80x24-solid,16606,57.811,diff_us,11054,7381,34,191,38069,8462,0
after-runs,80x24-solid,16614,56.218,diff_us,23226,7809,27,118,31766,1080,0
after-runs,80x24-solid,16616,46.665,diff_us,11610,1946,33,120,32073,2827,0
isolated-before,300x90-solid,166,34.828,wait/deadline wake,30437,1010,21,1651,2452,262,5
isolated-before,300x90-solid,4193,52.287,write_us,8485,3412,18,1880,19149,22741,13
isolated-before,300x90-solid,15382,35.679,draw_us,11482,1865,22,23272,744,152,6
isolated-after,300x90-solid,4680,33.822,draw_us,12267,1014,32,20871,580,71,0
isolated-after,300x90-solid,5106,56.701,wait/deadline wake,33835,19775,45,14549,3803,4468,0
isolated-after,300x90-solid,12948,44.84,wait/deadline wake,37348,24923,21,6455,857,158,0
isolated-after,300x90-solid,16078,33.744,draw_us,8842,277,33,23335,903,629,0
isolated-after,300x90-solid,17140,34.474,wait/deadline wake,31097,19672,37,2433,515,390,0
isolated-after,300x90-solid,18240,47.199,wait/deadline wake,44485,34681,24,1721,775,193,0
integrated-runs,160x40-braille,396,38.681,wait/deadline wake,35591,20883,29,1330,1474,256,0
integrated-runs,160x40-braille,1114,37.336,wait/deadline wake,32373,17275,17,213,145,4587,0
integrated-runs,160x40-braille,1115,37.783,write_us,12051,955,15,450,10595,14672,0
integrated-runs,160x40-braille,3088,34.105,write_us,10168,1551,13,429,145,23349,0
integrated-runs,160x40-braille,3247,41.478,write_us,19741,6162,19,679,1261,19778,0
integrated-runs,160x40-braille,7117,36.277,write_us,20509,6282,40,528,229,14970,0
integrated-runs,160x40-braille,7930,84.281,write_us,15859,1099,15,1119,141,67146,0
integrated-runs,160x40-braille,9108,45.48,write_us,22901,7845,29,715,289,21545,0
integrated-runs,160x40-braille,10554,38.1,wait/deadline wake,35338,25262,32,2477,140,111,0
integrated-runs,160x40-braille,12074,68.909,write_us,17322,8935,23,25418,139,26007,0
integrated-runs,160x40-braille,14806,39.882,write_us,16138,1156,18,906,160,22659,0
integrated-runs,160x40-solid,397,38.682,wait/deadline wake,35500,21012,45,484,1467,1186,0
integrated-runs,160x40-solid,1115,37.366,wait/deadline wake,25934,10985,17,341,204,10869,0
integrated-runs,160x40-solid,1116,39.716,wait/deadline wake,27955,17039,29,1840,9604,287,0
integrated-runs,160x40-solid,3089,34.096,write_us,9492,1095,12,333,201,24057,0
integrated-runs,160x40-solid,7933,84.761,write_us,16032,1023,23,1923,220,66562,0
integrated-runs,160x40-solid,9111,75.266,write_us,21296,6362,32,728,186,53024,0
integrated-runs,160x40-solid,10556,37.915,wait/deadline wake,34498,24740,22,445,206,2743,0
integrated-runs,160x40-solid,12076,68.851,diff_us,20605,12317,24,336,37614,10271,0
integrated-runs,160x40-solid,14808,57.301,write_us,15334,495,20,328,393,41225,0
integrated-runs,250x70-braille,397,37.708,wait/deadline wake,34989,20896,39,697,1487,496,0
integrated-runs,250x70-braille,1115,36.353,wait/deadline wake,32297,17796,19,1523,348,2166,0
integrated-runs,250x70-braille,1116,39.474,write_us,12847,1366,5731,510,194,20191,0
integrated-runs,250x70-braille,3089,34.051,draw_us,11291,2248,13,18983,331,3433,0
integrated-runs,250x70-braille,3248,41.515,draw_us,18972,5728,13,21154,405,971,0
integrated-runs,250x70-braille,7118,34.005,draw_us,17104,5926,41,16040,705,114,0
integrated-runs,250x70-braille,7931,83.61,wait/deadline wake,31605,17830,36,50374,1526,67,0
integrated-runs,250x70-braille,9108,73.678,tick_us,20316,8439,39274,13686,363,37,0
integrated-runs,250x70-braille,10553,36.101,wait/deadline wake,33237,24827,21,1543,220,1080,0
integrated-runs,250x70-braille,12073,69.197,draw_us,18282,9474,23,50526,329,37,0
integrated-runs,250x70-braille,14805,47.042,draw_us,16912,1991,15,19805,326,9984,0
integrated-runs,250x70-braille,18140,34.184,wait/deadline wake,26959,15745,17,4068,2890,248,0
integrated-runs,250x70-solid,397,37.477,wait/deadline wake,34376,20950,26,784,1636,654,0
integrated-runs,250x70-solid,1115,36.71,wait/deadline wake,34445,20035,17,1173,555,518,0
integrated-runs,250x70-solid,1116,39.664,wait/deadline wake,27952,16918,23,3515,7699,474,0
integrated-runs,250x70-solid,3089,34.151,write_us,8640,820,10,1261,446,23793,0
integrated-runs,250x70-solid,3248,40.649,diff_us,17812,6055,13,1975,19649,1198,0
integrated-runs,250x70-solid,7117,33.655,draw_us,17031,6319,24,14673,894,1032,0
integrated-runs,250x70-solid,7930,84.564,write_us,15515,676,16,17737,19884,31412,0
integrated-runs,250x70-solid,9108,76.147,write_us,20011,5641,12,1269,1192,53661,0
integrated-runs,250x70-solid,10553,36.335,wait/deadline wake,33570,25370,11,345,273,2136,0
integrated-runs,250x70-solid,12073,68.719,diff_us,18346,10053,16,956,39901,9499,0
integrated-runs,250x70-solid,14805,57.029,wait/deadline wake,27385,12697,21,370,294,28957,0
integrated-runs,300x90-braille,396,35.23,wait/deadline wake,32614,20085,15,1103,1382,115,0
integrated-runs,300x90-braille,1115,37.735,write_us,12373,1017,21,2051,538,22752,0
integrated-runs,300x90-braille,1495,39.645,diff_us,11632,447,30,5180,21782,1020,0
integrated-runs,300x90-braille,3088,33.477,wait/deadline wake,29261,20104,17,1760,1184,1254,0
integrated-runs,300x90-braille,3247,38.629,draw_us,15534,4133,81,21959,964,91,0
integrated-runs,300x90-braille,6039,41.267,write_us,13853,963,57,12535,1948,12873,0
integrated-runs,300x90-braille,7929,81.068,wait/deadline wake,47974,35460,17,32103,832,141,0
integrated-runs,300x90-braille,9106,71.535,draw_us,18522,6862,42,49305,1797,1869,0
integrated-runs,300x90-braille,10548,34.233,wait/deadline wake,31614,23455,9,773,270,1567,0
integrated-runs,300x90-braille,12068,67.877,draw_us,16960,8118,24,39810,10784,298,0
integrated-runs,300x90-braille,14800,44.396,write_us,21204,17219,305,9962,629,12294,0
integrated-runs,300x90-braille,16992,34.234,write_us,12296,1014,22,4342,917,16655,0
integrated-runs,300x90-solid,397,37.877,wait/deadline wake,34621,21345,16,700,2221,318,0
integrated-runs,300x90-solid,1115,36.108,wait/deadline wake,32850,19453,18,1692,954,593,0
integrated-runs,300x90-solid,1116,39.708,wait/deadline wake,27867,17245,14,6217,5459,151,0
integrated-runs,300x90-solid,3089,34.445,diff_us,8791,1044,11,1402,19953,4288,0
integrated-runs,300x90-solid,3248,40.818,draw_us,17495,6349,14,21176,1563,569,0
integrated-runs,300x90-solid,7930,83.613,write_us,14232,1011,17,5635,3105,60622,0
integrated-runs,300x90-solid,9107,72.928,write_us,17992,7271,22,17011,395,37507,0
integrated-runs,300x90-solid,10550,37.588,wait/deadline wake,32898,25113,15,1540,461,2674,0
integrated-runs,300x90-solid,12070,68.879,draw_us,13295,5251,20,28971,363,26229,0
integrated-runs,300x90-solid,14802,55.906,draw_us,21042,7845,35,21072,409,13347,0
integrated-runs,300x90-solid,18255,35.694,write_us,14331,2232,14,1880,797,18669,1
integrated-runs,80x24-braille,397,38.502,wait/deadline wake,36838,21479,21,390,1228,2,22
integrated-runs,80x24-braille,7939,38.706,wait/deadline wake,37669,21375,825,141,56,0,14
integrated-runs,80x24-braille,10565,40.683,wait/deadline wake,39963,24359,32,525,121,0,42
integrated-runs,80x24-braille,12086,45.791,wait/deadline wake,33996,21863,13,122,11631,0,28
integrated-runs,80x24-braille,12087,34.49,wait/deadline wake,34057,17715,9,67,342,0,14
integrated-runs,80x24-braille,18154,33.681,wait/deadline wake,31388,16517,24,286,1967,0,14
integrated-runs,80x24-solid,397,39.753,wait/deadline wake,36800,21313,13,68,2810,61,0
integrated-runs,80x24-solid,2444,34.79,wait/deadline wake,26163,9914,12,151,82,8380,0
integrated-runs,80x24-solid,7937,68.913,wait/deadline wake,37260,21280,11,55,61,31526,0
integrated-runs,80x24-solid,9115,46.201,write_us,21980,6468,15,172,653,23380,0
integrated-runs,80x24-solid,10561,40.391,wait/deadline wake,40172,24968,15,106,83,0,14
integrated-runs,80x24-solid,12081,65.944,write_us,21264,5288,18,1019,268,43375,0
integrated-runs,80x24-solid,14814,40.502,write_us,18581,3283,510,3671,142,17597,0
qos-before,300x90-solid,1915,38.746,wait/deadline wake,28142,18020,32,2058,4565,3946,1
qos-before,300x90-solid,2277,37.185,draw_us,14608,4756,28,22082,376,89,0
qos-before,300x90-solid,7403,46.545,draw_us,4041,549,1366,39816,711,609,0
qos-before,300x90-solid,7408,37.1,draw_us,15060,3610,34,21194,440,371,0
qos-before,300x90-solid,7828,34.98,draw_us,14153,1014,27,16285,3536,978,0
qos-before,300x90-solid,8059,40.984,write_us,16086,4389,23,2759,773,21341,0
qos-before,300x90-braille,697,41.143,write_us,12293,2924,21,1867,516,26438,0
qos-before,300x90-braille,713,68.516,write_us,17406,7989,17,2767,488,47837,0
qos-before,300x90-braille,714,57.956,write_us,10428,2861,26,1845,545,45111,0
qos-before,300x90-braille,725,37.834,write_us,7469,1722,19,2805,284,27256,0
qos-before,300x90-braille,916,63.405,wait/deadline wake,52680,38909,26,9050,938,710,0
qos-before,300x90-braille,2467,59.132,write_us,11668,3375,23,2011,524,44904,0
qos-before,300x90-braille,2475,46.683,write_us,19985,6954,20,2008,648,24022,0
qos-before,300x90-braille,2476,77.13,write_us,22396,6050,26,2816,601,51290,0
qos-before,300x90-braille,2485,64.843,write_us,19216,6143,22,2448,530,42625,0
qos-before,300x90-braille,2486,58.072,write_us,17723,2826,130,792,338,39088,0
qos-before,300x90-braille,2506,46.853,write_us,18819,4312,21,1992,502,25518,0
qos-before,300x90-braille,2507,38.843,write_us,3588,2602,13,787,303,34150,0
qos-before,300x90-braille,2523,47.265,write_us,17803,3074,23,1874,336,27226,0
qos-before,300x90-braille,2524,36.586,write_us,9929,9131,22,2696,504,23433,0
qos-before,300x90-braille,2533,57.83,write_us,17705,4290,22,869,324,38909,0
qos-before,300x90-braille,2534,54.582,write_us,11850,6266,27,2398,910,39396,0
qos-before,300x90-braille,2543,53.499,write_us,19855,5634,28,2262,530,30822,0
qos-before,300x90-braille,2544,49.743,write_us,14692,3970,23,3161,553,31313,0
qos-before,300x90-braille,2545,57.218,write_us,17049,6071,25,2335,330,37477,0
qos-before,300x90-braille,4433,45.189,write_us,19731,8739,18,1947,496,22996,0
qos-before,300x90-braille,4456,36.781,write_us,15874,1975,16,1938,617,18334,0
qos-before,300x90-braille,4457,51.048,write_us,12573,2123,18,2030,524,35900,0
qos-before,300x90-braille,4458,39.777,write_us,16379,6977,19,1226,295,21856,0
qos-before,300x90-braille,4472,38.232,write_us,10771,1365,16,1416,300,25728,0
qos-before,300x90-braille,4483,45.974,write_us,19606,5112,18,2113,500,23735,0
qos-before,300x90-braille,4485,40.683,write_us,18813,5935,16,1946,486,19422,0
qos-before,300x90-braille,4488,41.809,write_us,13023,2858,20,2423,495,25847,0
qos-before,300x90-braille,4498,43.378,write_us,17778,4068,17,1826,521,23234,0
qos-before,300x90-braille,4499,46.36,write_us,4607,941,16,1722,317,39697,0
qos-before,300x90-braille,4556,39.895,write_us,14516,7659,18,2209,740,22412,0
qos-before,300x90-braille,4918,41.776,write_us,9754,530,19,2101,972,28929,0
qos-before,300x90-braille,4920,38.877,draw_us,17632,1164,19,10738,526,9958,0
qos-before,200x60-solid,406,48.007,wait/deadline wake,30570,16512,23,15414,250,1749,0
qos-before,200x60-braille,3193,54.668,wait/deadline wake,43228,28483,149,1143,314,9833,0
qos-before,200x60-braille,3457,34.717,wait/deadline wake,33423,18943,32,826,331,105,0
qos-before,200x60-braille,6130,37.423,diff_us,16442,1013,23,820,20085,53,0
qos-spin-after,200x60-solid,8994,33.585,write_us,15585,9,18,585,326,17070,0
